TimeUS,time_s,roll_deg,pitch_deg,yaw_deg
50654626,0.0,1.5106618404388428,70.11924743652344,359.9036865234375
50674626,0.02,1.5108692646026611,70.11965942382812,359.90338134765625
50694626,0.04,1.5109142065048218,70.11963653564453,359.9029235839844
50714626,0.06,1.5109033584594727,70.11966705322266,359.9023742675781
50734626,0.08,1.5109225511550903,70.11963653564453,359.9018859863281
50754626,0.1,1.5110228061676025,70.11961364746094,359.90142822265625
50774626,0.12,1.5111619234085083,70.11961364746094,359.9010925292969
50794626,0.14,1.5114789009094238,70.11961364746094,359.9009094238281
50814626,0.16,1.5115875005722046,70.11962127685547,359.9004821777344
50834626,0.18,1.5115981101989746,70.11959838867188,359.9000549316406
50854626,0.2,1.511635184288025,70.11959075927734,359.8996276855469
50874626,0.22,1.5117921829223633,70.11959838867188,359.8992614746094
50894626,0.24,1.5118948221206665,70.11963653564453,359.89886474609375
50914626,0.26,1.5118353366851807,70.11964416503906,359.89825439453125
50934626,0.28,1.5119043588638306,70.11959075927734,359.89776611328125
50954626,0.3,1.5116912126541138,70.11951446533203,359.89703369140625
50974626,0.32,1.5117548704147339,70.11949920654297,359.8965148925781
50994626,0.34,1.5118454694747925,70.11944580078125,359.89617919921875
51014626,0.36,1.5118634700775146,70.11936950683594,359.89569091796875
51034626,0.38,1.5116933584213257,70.11936950683594,359.8949890136719
51054626,0.4,1.511899709701538,70.11931610107422,359.8946533203125
51074626,0.42,1.5119315385818481,70.11927032470703,359.8942565917969
51094626,0.44,1.5116652250289917,70.11923217773438,359.8935852050781
51114626,0.46,1.5117850303649902,70.11920928955078,359.8931884765625
51134626,0.48,1.5120830535888672,70.1191177368164,359.8929748535156
51154626,0.5,1.5122278928756714,70.11905670166016,359.8926696777344
51174626,0.52,1.512388825416565,70.11902618408203,359.8923645019531
51194626,0.54,1.51239013671875,70.11898803710938,359.8918762207031
51214626,0.56,1.5122801065444946,70.1189193725586,359.89117431640625
51234626,0.58,1.512369990348816,70.11878967285156,359.8907775878906
51254626,0.6,1.5124101638793945,70.11873626708984,359.8903503417969
51274626,0.62,1.5125572681427002,70.11868286132812,359.8900146484375
51294626,0.64,1.5126019716262817,70.11865997314453,359.8895568847656
51314626,0.66,1.5127495527267456,70.11857604980469,359.8891906738281
51334626,0.68,1.5130375623703003,70.11859130859375,359.8889465332031
51354626,0.7,1.5130460262298584,70.11854553222656,359.8885192871094
51374626,0.72,1.5131292343139648,70.11833190917969,359.8880920410156
51394626,0.74,1.5130958557128906,70.1181869506836,359.8875427246094
51414626,0.76,1.5132827758789062,70.11831665039062,359.88720703125
51434626,0.78,1.5132942199707031,70.11833190917969,359.8866882324219
51454626,0.8,1.5134741067886353,70.11833953857422,359.8863525390625
51474626,0.82,1.513569712638855,70.11841583251953,359.885986328125
51494626,0.84,1.5138096809387207,70.11844635009766,359.8857421875
51514626,0.86,1.513890027999878,70.11842346191406,359.8852844238281
51534626,0.88,1.5140321254730225,70.11836242675781,359.8849792480469
51554626,0.9,1.5141278505325317,70.11840057373047,359.884521484375
51574626,0.92,1.5143895149230957,70.11840057373047,359.8843078613281
51594626,0.94,1.514622449874878,70.11840057373047,359.8840637207031
51614626,0.96,1.5146825313568115,70.11833953857422,359.8835754394531
51634626,0.98,1.514976143836975,70.11827087402344,359.88336181640625
51654626,1.0,1.515163779258728,70.11832427978516,359.88299560546875
51674626,1.02,1.5154227018356323,70.11833190917969,359.8828125
51694626,1.04,1.5156809091567993,70.1182861328125,359.8825378417969
51714626,1.06,1.5158627033233643,70.11827087402344,359.88226318359375
51734626,1.08,1.5159097909927368,70.11823272705078,359.8818359375
51754626,1.1,1.5160651206970215,70.11820983886719,359.8813781738281
51774626,1.12,1.5163464546203613,70.11817169189453,359.88116455078125
51794626,1.14,1.5164307355880737,70.11814880371094,359.8807678222656
51814626,1.16,1.51662278175354,70.11814880371094,359.8804626464844
51834626,1.18,1.5168076753616333,70.11813354492188,359.88006591796875
51854626,1.2,1.5167752504348755,70.11808013916016,359.87957763671875
51874626,1.22,1.516952633857727,70.11803436279297,359.8792419433594
51894626,1.24,1.5170918703079224,70.11805725097656,359.87884521484375
51914626,1.26,1.5172176361083984,70.1180648803711,359.8784484863281
51934626,1.28,1.5172680616378784,70.1180419921875,359.8779296875
51954626,1.3,1.5172250270843506,70.1180191040039,359.8774108886719
51974626,1.32,1.5173736810684204,70.11800384521484,359.8770446777344
51994626,1.34,1.51751708984375,70.11799621582031,359.8765869140625
52014626,1.36,1.5173135995864868,70.11793518066406,359.8759460449219
52034626,1.38,1.5171750783920288,70.11788940429688,359.8752746582031
52054626,1.4,1.517167568206787,70.11775207519531,359.8747863769531
52074626,1.42,1.517001748085022,70.11767578125,359.87408447265625
52094626,1.44,1.5168300867080688,70.1175537109375,359.8734130859375
52114626,1.46,1.5166493654251099,70.11746215820312,359.8727111816406
52134626,1.48,1.5164453983306885,70.11734008789062,359.87200927734375
52154626,1.5,1.516106128692627,70.1171875,359.8711853027344
52174626,1.52,1.5157864093780518,70.11705780029297,359.8704528808594
52194626,1.54,1.5155531167984009,70.1169204711914,359.8696594238281
52214626,1.56,1.5151902437210083,70.11678314208984,359.86883544921875
52234626,1.58,1.515085220336914,70.11670684814453,359.8681945800781
52254626,1.6,1.5149970054626465,70.11663055419922,359.86761474609375
52274626,1.62,1.5145739316940308,70.11650848388672,359.8667297363281
52294626,1.64,1.5142194032669067,70.1164779663086,359.8658142089844
52314626,1.66,1.5138821601867676,70.11637115478516,359.864990234375
52334626,1.68,1.5136812925338745,70.11624908447266,359.86431884765625
52354626,1.7,1.5135366916656494,70.11614227294922,359.86370849609375
52374626,1.72,1.51345956325531,70.11600494384766,359.8630676269531
52394626,1.74,1.513253927230835,70.1158447265625,359.8623962402344
52414626,1.76,1.5130956172943115,70.11568450927734,359.8616943359375
52434626,1.78,1.5129517316818237,70.11558532714844,359.8610534667969
52454626,1.8,1.5128331184387207,70.1154556274414,359.86041259765625
52474626,1.82,1.512606143951416,70.11531066894531,359.85968017578125
52494626,1.84,1.512451171875,70.115234375,359.8589782714844
52514626,1.86,1.5122745037078857,70.11514282226562,359.8582763671875
52534626,1.88,1.5120826959609985,70.11505126953125,359.85760498046875
52554626,1.9,1.5117751359939575,70.11495971679688,359.85675048828125
52574626,1.92,1.5116099119186401,70.11487579345703,359.8560485839844
52594626,1.94,1.5116050243377686,70.11476135253906,359.8555603027344
52614626,1.96,1.5113621950149536,70.11468505859375,359.8548278808594
52634626,1.98,1.511017918586731,70.11461639404297,359.85406494140625
52654626,2.0,1.5106464624404907,70.11453247070312,359.8531799316406
52674626,2.02,1.5103528499603271,70.1144790649414,359.8524169921875
52694626,2.04,1.5104302167892456,70.11434173583984,359.85198974609375
52714626,2.06,1.5101861953735352,70.1142349243164,359.8512268066406
52734626,2.08,1.51006019115448,70.11404418945312,359.8506164550781
52754626,2.1,1.5099564790725708,70.11394500732422,359.8499755859375
52774626,2.12,1.509853720664978,70.11355590820312,359.849365234375
52794626,2.14,1.5097086429595947,70.1135482788086,359.8487243652344
52814626,2.16,1.5096572637557983,70.11341857910156,359.8481140136719
52834626,2.18,1.5094081163406372,70.11334228515625,359.8473815917969
52854626,2.2,1.5095115900039673,70.11327362060547,359.8469543457031
52874626,2.22,1.5093108415603638,70.11325073242188,359.84625244140625
52894626,2.24,1.5093233585357666,70.11316680908203,359.8457336425781
52914626,2.26,1.509193778038025,70.11310577392578,359.8450927734375
52934626,2.28,1.5089586973190308,70.11307525634766,359.8443603515625
52954626,2.3,1.5087727308273315,70.11299133300781,359.8436279296875
52974626,2.32,1.5085800886154175,70.11292266845703,359.8428955078125
52994626,2.34,1.5083084106445312,70.11286163330078,359.8421325683594
53014626,2.36,1.5080161094665527,70.11278533935547,359.84130859375
53034626,2.38,1.5077459812164307,70.11271667480469,359.84051513671875
53054626,2.4,1.5073970556259155,70.11263275146484,359.8397216796875
53074626,2.42,1.5074130296707153,70.11258697509766,359.8392028808594
53094626,2.44,1.5072048902511597,70.11248779296875,359.83843994140625
53114626,2.46,1.507004737854004,70.1124267578125,359.8377685546875
53134626,2.48,1.5069652795791626,70.11231994628906,359.8372497558594
53154626,2.5,1.506836175918579,70.11222076416016,359.8365478515625
53174626,2.52,1.506522297859192,70.11214447021484,359.8357238769531
53194626,2.54,1.5062416791915894,70.11212921142578,359.83489990234375
53214626,2.56,1.505971074104309,70.11200714111328,359.8341369628906
53234626,2.58,1.5057419538497925,70.11190032958984,359.8333740234375
53254626,2.6,1.5055421590805054,70.11187744140625,359.8326416015625
53274626,2.62,1.5052546262741089,70.11178588867188,359.83184814453125
53294626,2.64,1.5050556659698486,70.1117172241211,359.83111572265625
53314626,2.66,1.505042314529419,70.11161804199219,359.83056640625
53334626,2.68,1.5048613548278809,70.11148834228516,359.829833984375
53354626,2.7,1.5049279928207397,70.11138916015625,359.829345703125
53374626,2.72,1.5047986507415771,70.11128997802734,359.8287353515625
53394626,2.74,1.5047016143798828,70.11088562011719,359.82818603515625
53414626,2.76,1.504343032836914,70.11088562011719,359.8273010253906
53434626,2.78,1.5042835474014282,70.11079406738281,359.82672119140625
53454626,2.8,1.5040850639343262,70.11074829101562,359.8260192871094
53474626,2.82,1.5041818618774414,70.11073303222656,359.8255615234375
53494626,2.84,1.5040558576583862,70.11066436767578,359.82489013671875
53514626,2.86,1.503923773765564,70.11062622070312,359.8241882324219
53534626,2.88,1.5036860704421997,70.1105728149414,359.8234558105469
53554626,2.9,1.5037444829940796,70.11053466796875,359.822998046875
53574626,2.92,1.5036319494247437,70.11048126220703,359.8223876953125
53594626,2.94,1.5037068128585815,70.1103515625,359.8218994140625
53614626,2.96,1.5036038160324097,70.11024475097656,359.8213195800781
53634626,2.98,1.5035052299499512,70.11017608642578,359.82073974609375
53654626,3.0,1.5034972429275513,70.11005401611328,359.82025146484375
53674626,3.02,1.50336754322052,70.10997009277344,359.8196716308594
53694626,3.04,1.50338876247406,70.10985565185547,359.81915283203125
53714626,3.06,1.5032885074615479,70.10977172851562,359.8185119628906
53734626,3.08,1.502995252609253,70.10966491699219,359.8176574707031
53754626,3.1,1.5029470920562744,70.10955810546875,359.81707763671875
53774626,3.12,1.502938985824585,70.10999298095703,359.8165588378906
53794626,3.14,1.502854585647583,70.11041259765625,359.8159484863281
53814626,3.16,1.5026886463165283,70.11079406738281,359.81524658203125
53834626,3.18,1.5025378465652466,70.11127471923828,359.8145751953125
53854626,3.2,1.5025242567062378,70.11170959472656,359.8140563964844
53874626,3.22,1.5024683475494385,70.11212921142578,359.8135070800781
53894626,3.24,1.502494215965271,70.11253356933594,359.81304931640625
53914626,3.26,1.5023785829544067,70.11297607421875,359.8123779296875
53934626,3.28,1.5022732019424438,70.1134262084961,359.8116760253906
53954626,3.3,1.5022497177124023,70.11383819580078,359.8111572265625
53974626,3.32,1.502073049545288,70.11425018310547,359.8104553222656
53994626,3.34,1.5020167827606201,70.11415100097656,359.80987548828125
54014626,3.36,1.501856803894043,70.11381530761719,359.8091735839844
54034626,3.38,1.50165593624115,70.11380767822266,359.8084716796875
54054626,3.4,1.5016303062438965,70.11378479003906,359.80792236328125
54074626,3.42,1.501502513885498,70.1137466430664,359.8072509765625
54094626,3.44,1.5014710426330566,70.11370086669922,359.806640625
54114626,3.46,1.5013411045074463,70.11363983154297,359.8059387207031
54134626,3.48,1.5012696981430054,70.11360168457031,359.8052978515625
54154626,3.5,1.501172423362732,70.11357879638672,359.8046875
54174626,3.52,1.5009843111038208,70.11353302001953,359.803955078125
54194626,3.54,1.5010403394699097,70.11348724365234,359.8034362792969
54214626,3.56,1.5011049509048462,70.11349487304688,359.802978515625
54234626,3.58,1.5011777877807617,70.1134262084961,359.8025207519531
54254626,3.6,1.5013939142227173,70.11339569091797,359.80224609375
54274626,3.62,1.501251220703125,70.11335754394531,359.801513671875
54294626,3.64,1.501251459121704,70.11334228515625,359.801025390625
54314626,3.66,1.5011060237884521,70.11328125,359.8003234863281
54334626,3.68,1.5010844469070435,70.11323547363281,359.7998046875
54354626,3.7,1.5009082555770874,70.1131820678711,359.7991027832031
54374626,3.72,1.501039981842041,70.11311340332031,359.79864501953125
54394626,3.74,1.501050591468811,70.11308288574219,359.7981262207031
54414626,3.76,1.5008747577667236,70.11304473876953,359.7974548339844
54434626,3.78,1.5008578300476074,70.11344146728516,359.7969055175781
54454626,3.8,1.5007537603378296,70.11383819580078,359.7962341308594
54474626,3.82,1.500585913658142,70.11418914794922,359.7954406738281
54494626,3.84,1.5006409883499146,70.11457061767578,359.79498291015625
54514626,3.86,1.5004844665527344,70.11502838134766,359.7943115234375
54534626,3.88,1.5005942583084106,70.11549377441406,359.7938537597656
54554626,3.9,1.5003843307495117,70.1159896850586,359.7931213378906
54574626,3.92,1.5004197359085083,70.1163558959961,359.7926330566406
54594626,3.94,1.500339388847351,70.11677551269531,359.79193115234375
54614626,3.96,1.5001952648162842,70.11722564697266,359.7912292480469
54634626,3.98,1.5001739263534546,70.11760711669922,359.7906799316406
54654626,4.0,1.5001415014266968,70.1173095703125,359.7901306152344
54674626,4.02,1.5002450942993164,70.11726379394531,359.7896728515625
54694626,4.04,1.500205159187317,70.11717987060547,359.7890930175781
54714626,4.06,1.5002344846725464,70.1171646118164,359.78857421875
54734626,4.08,1.499990463256836,70.11712646484375,359.7877502441406
54754626,4.1,1.5000206232070923,70.11708068847656,359.78717041015625
54774626,4.12,1.5000522136688232,70.11711883544922,359.78662109375
54794626,4.14,1.500211477279663,70.11707305908203,359.78619384765625
54814626,4.16,1.5002843141555786,70.11699676513672,359.7857971191406
54834626,4.18,1.500097632408142,70.11695861816406,359.7850646972656
54854626,4.2,1.5000823736190796,70.1169204711914,359.7845764160156
54874626,4.22,1.5000174045562744,70.11676025390625,359.783935546875
54894626,4.24,1.5000641345977783,70.11673736572266,359.7834777832031
54914626,4.26,1.50022292137146,70.11665344238281,359.7830810546875
54934626,4.28,1.500231385231018,70.11661529541016,359.7825927734375
54954626,4.3,1.5003618001937866,70.11653900146484,359.7822265625
54974626,4.32,1.5003879070281982,70.1164779663086,359.7817077636719
54994626,4.34,1.5003200769424438,70.11639404296875,359.7811279296875
55014626,4.36,1.4999808073043823,70.11634826660156,359.7802429199219
55034626,4.38,1.4997291564941406,70.1163101196289,359.77947998046875
55054626,4.4,1.4998490810394287,70.11624908447266,359.77911376953125
55074626,4.42,1.4998607635498047,70.11618041992188,359.778564453125
55094626,4.44,1.4997471570968628,70.11614227294922,359.7779235839844
55114626,4.46,1.499647617340088,70.1160888671875,359.7772216796875
55134626,4.48,1.4997684955596924,70.1159896850586,359.77679443359375
55154626,4.5,1.4998908042907715,70.1159439086914,359.7763671875
55174626,4.52,1.499965786933899,70.11587524414062,359.77581787109375
55194626,4.54,1.5001124143600464,70.1157455444336,359.7754821777344
55214626,4.56,1.5002011060714722,70.11571502685547,359.77496337890625
55234626,4.58,1.500218152999878,70.11558532714844,359.7744445800781
55254626,4.6,1.50009286403656,70.11544036865234,359.7738037109375
55274626,4.62,1.5000277757644653,70.11534881591797,359.7731628417969
55294626,4.64,1.5002002716064453,70.11527252197266,359.7727355957031
55314626,4.66,1.5002135038375854,70.11495971679688,359.7722473144531
55334626,4.68,1.5003186464309692,70.1149673461914,359.77178955078125
55354626,4.7,1.5003424882888794,70.1149673461914,359.77130126953125
55374626,4.72,1.5004510879516602,70.11492156982422,359.7708740234375
55394626,4.74,1.5004606246948242,70.11487579345703,359.7703552246094
55414626,4.76,1.5005700588226318,70.11481475830078,359.7698669433594
55434626,4.78,1.500647783279419,70.11474609375,359.7694091796875
55454626,4.8,1.5006272792816162,70.11461639404297,359.768798828125
55474626,4.82,1.500784993171692,70.11457824707031,359.7684631347656
55494626,4.84,1.5008447170257568,70.11450958251953,359.7679748535156
55514626,4.86,1.5007030963897705,70.11445617675781,359.76727294921875
55534626,4.88,1.5005978345870972,70.11447143554688,359.7666320800781
55554626,4.9,1.5006818771362305,70.11444854736328,359.76611328125
55574626,4.92,1.5007123947143555,70.1144027709961,359.7655944824219
55594626,4.94,1.5007655620574951,70.1143569946289,359.7651062011719
55614626,4.96,1.5007812976837158,70.11432647705078,359.76458740234375
55634626,4.98,1.5009253025054932,70.11431884765625,359.7641906738281
55654626,5.0,1.5008763074874878,70.11422729492188,359.7635498046875
55674626,5.02,1.500877857208252,70.11416625976562,359.7630615234375
55694626,5.04,1.5010095834732056,70.1141586303711,359.76263427734375
55714626,5.06,1.5011242628097534,70.1140365600586,359.76214599609375
55734626,5.08,1.5010231733322144,70.11402130126953,359.761474609375
55754626,5.1,1.5010530948638916,70.11397552490234,359.7608947753906
55774626,5.12,1.5012359619140625,70.11402130126953,359.7604675292969
55794626,5.14,1.5014344453811646,70.11397552490234,359.7601318359375
55814626,5.16,1.5015170574188232,70.11392211914062,359.7596435546875
55834626,5.18,1.5015190839767456,70.11385345458984,359.75909423828125
55854626,5.2,1.5015838146209717,70.1137466430664,359.7585754394531
55874626,5.22,1.50172758102417,70.11370849609375,359.7581481933594
55894626,5.24,1.5017939805984497,70.11363983154297,359.7576904296875
55914626,5.26,1.5019038915634155,70.11357116699219,359.7572326660156
55934626,5.28,1.5020300149917603,70.11351013183594,359.7568359375
55954626,5.3,1.502012848854065,70.11343383789062,359.7562561035156
55974626,5.32,1.502055048942566,70.11309051513672,359.7557373046875
55994626,5.34,1.502131700515747,70.11312103271484,359.7552795410156
56014626,5.36,1.5021495819091797,70.11312103271484,359.7547607421875
56034626,5.38,1.5021904706954956,70.11304473876953,359.75433349609375
56054626,5.4,1.5021681785583496,70.113037109375,359.7537536621094
56074626,5.42,1.5021694898605347,70.11297607421875,359.75323486328125
56094626,5.44,1.5021522045135498,70.1129379272461,359.7527160644531
56114626,5.46,1.5021730661392212,70.11297607421875,359.7522277832031
56134626,5.48,1.5020698308944702,70.11297607421875,359.75152587890625
56154626,5.5,1.5022302865982056,70.1129379272461,359.7511291503906
56174626,5.52,1.5022308826446533,70.1129150390625,359.75054931640625
56194626,5.54,1.502555251121521,70.11286163330078,359.75030517578125
56214626,5.56,1.502525806427002,70.11284637451172,359.7497863769531
56234626,5.58,1.5024352073669434,70.1127700805664,359.7491149902344
56254626,5.6,1.5024468898773193,70.11273193359375,359.7485656738281
56274626,5.62,1.5024625062942505,70.11271667480469,359.74798583984375
56294626,5.64,1.5025392770767212,70.11273193359375,359.7475280761719
56314626,5.66,1.5028510093688965,70.11276245117188,359.7472839355469
56334626,5.68,1.5029536485671997,70.11265563964844,359.74688720703125
56354626,5.7,1.503135323524475,70.11258697509766,359.7464904785156
56374626,5.72,1.5033259391784668,70.11259460449219,359.74609375
56394626,5.74,1.5034260749816895,70.11254119873047,359.74560546875
56414626,5.76,1.503650188446045,70.11251068115234,359.7452697753906
56434626,5.78,1.5037387609481812,70.11248779296875,359.7447814941406
56454626,5.8,1.503677248954773,70.11241912841797,359.7441711425781
56474626,5.82,1.503594994544983,70.11237335205078,359.7435302734375
56494626,5.84,1.5036402940750122,70.11235809326172,359.7430114746094
56514626,5.86,1.503725528717041,70.11224365234375,359.7425537109375
56534626,5.88,1.5038100481033325,70.11222076416016,359.7420349121094
56554626,5.9,1.5039618015289307,70.11222076416016,359.7415771484375
56574626,5.92,1.504041314125061,70.1121597290039,359.7410888671875
56594626,5.94,1.5043338537216187,70.11212921142578,359.7408142089844
56614626,5.96,1.5044761896133423,70.11205291748047,359.74041748046875
56634626,5.98,1.5046690702438354,70.11205291748047,359.7400207519531
56654626,6.0,1.5045734643936157,70.11177825927734,359.7393493652344
56674626,6.02,1.5046405792236328,70.1118392944336,359.73883056640625
56694626,6.04,1.5049614906311035,70.11184692382812,359.73858642578125
56714626,6.06,1.5051114559173584,70.1119384765625,359.7382507324219
56734626,6.08,1.5052504539489746,70.11195373535156,359.73785400390625
56754626,6.1,1.5055361986160278,70.11194610595703,359.7374572753906
56774626,6.12,1.505609154701233,70.11190795898438,359.7369079589844
56794626,6.14,1.5056697130203247,70.11188507080078,359.7364807128906
56814626,6.16,1.5057557821273804,70.11186218261719,359.73602294921875
56834626,6.18,1.505888819694519,70.11188507080078,359.73553466796875
56854626,6.2,1.5062283277511597,70.11186218261719,359.73529052734375
56874626,6.22,1.5062962770462036,70.11186981201172,359.73486328125
56894626,6.24,1.5062899589538574,70.11187744140625,359.7342834472656
56914626,6.26,1.5063655376434326,70.11186218261719,359.73370361328125
56934626,6.28,1.5065325498580933,70.11182403564453,359.7333068847656
56954626,6.3,1.5064765214920044,70.11186218261719,359.7326965332031
56974626,6.32,1.506643295288086,70.11186218261719,359.73236083984375
56994626,6.34,1.506899356842041,70.11181640625,359.7320556640625
57014626,6.36,1.5070031881332397,70.11174011230469,359.7315979003906
57034626,6.38,1.5069607496261597,70.11174774169922,359.7310485839844
57054626,6.4,1.5071438550949097,70.11174774169922,359.73065185546875
57074626,6.42,1.506844162940979,70.1121597290039,359.7298278808594
57094626,6.44,1.506665587425232,70.11253356933594,359.7290954589844
57114626,6.46,1.5065020322799683,70.11293029785156,359.7283630371094
57134626,6.48,1.5063166618347168,70.11333465576172,359.7276306152344
57154626,6.5,1.5062373876571655,70.11371612548828,359.7269592285156
57174626,6.52,1.5061665773391724,70.1141128540039,359.726318359375
57194626,6.54,1.5060431957244873,70.11450958251953,359.7256774902344
57214626,6.56,1.5057024955749512,70.11495971679688,359.7247314453125
57234626,6.58,1.5054810047149658,70.11534881591797,359.72393798828125
57254626,6.6,1.505307674407959,70.11573028564453,359.7232360839844
57274626,6.62,1.5049878358840942,70.1160888671875,359.72235107421875
57294626,6.64,1.5048385858535767,70.11588287353516,359.7216491699219
57314626,6.66,1.5046924352645874,70.1158218383789,359.720947265625
57334626,6.68,1.5046049356460571,70.11578369140625,359.7203369140625
57354626,6.7,1.5043736696243286,70.1156005859375,359.7195129394531
57374626,6.72,1.5041232109069824,70.11553192138672,359.7187194824219
57394626,6.74,1.5040442943572998,70.11506652832031,359.71807861328125
57414626,6.76,1.5037821531295776,70.11502075195312,359.7172546386719
57434626,6.78,1.5036414861679077,70.11494445800781,359.7165832519531
57454626,6.8,1.5035319328308105,70.11487579345703,359.71588134765625
57474626,6.82,1.5034230947494507,70.11479949951172,359.7152099609375
57494626,6.84,1.5032644271850586,70.11466979980469,359.7145080566406
57514626,6.86,1.5031481981277466,70.11453247070312,359.7138366699219
57534626,6.88,1.5030419826507568,70.11442565917969,359.713134765625
57554626,6.9,1.5029314756393433,70.11432647705078,359.7124328613281
57574626,6.92,1.5026167631149292,70.11425018310547,359.7115478515625
57594626,6.94,1.5023819208145142,70.1141357421875,359.71075439453125
57614626,6.96,1.5021512508392334,70.11394500732422,359.7099609375
57634626,6.98,1.5020724534988403,70.11383819580078,359.7093811035156
57654626,7.0,1.5019782781600952,70.11376190185547,359.7087097167969
57674626,7.02,1.5017309188842773,70.11363983154297,359.70794677734375
57694626,7.04,1.5014523267745972,70.11348724365234,359.70703125
57714626,7.06,1.50129234790802,70.1133804321289,359.706298828125
57734626,7.08,1.501021146774292,70.11322784423828,359.70550537109375
57754626,7.1,1.5008870363235474,70.11322784423828,359.70477294921875
57774626,7.12,1.5008503198623657,70.113037109375,359.70416259765625
57794626,7.14,1.5007410049438477,70.11290740966797,359.7035217285156
57814626,7.16,1.5004687309265137,70.11272430419922,359.70269775390625
57834626,7.18,1.5002703666687012,70.11261749267578,359.70196533203125
57854626,7.2,1.50009024143219,70.11254119873047,359.7012634277344
57874626,7.22,1.4999098777770996,70.1124038696289,359.7005310058594
57894626,7.24,1.4997748136520386,70.11231231689453,359.69989013671875
57914626,7.26,1.4997459650039673,70.11212921142578,359.6993408203125
57934626,7.28,1.499577522277832,70.11209106445312,359.6985778808594
57954626,7.3,1.4993988275527954,70.1120376586914,359.6978454589844
57974626,7.32,1.499237298965454,70.1119384765625,359.6971130371094
57994626,7.34,1.499003529548645,70.11188507080078,359.6962890625
58014626,7.36,1.4988478422164917,70.11178588867188,359.6955261230469
58034626,7.38,1.4986580610275269,70.11165618896484,359.6948547363281
58054626,7.4,1.4984744787216187,70.11154174804688,359.69415283203125
58074626,7.42,1.4982038736343384,70.11148834228516,359.6932678222656
58094626,7.44,1.4981415271759033,70.11137390136719,359.692626953125
58114626,7.46,1.4980201721191406,70.11131286621094,359.6919250488281
58134626,7.48,1.498001217842102,70.11125946044922,359.6913146972656
58154626,7.5,1.4977068901062012,70.11116027832031,359.6905212402344
58174626,7.52,1.497542142868042,70.11109161376953,359.6898193359375
58194626,7.54,1.4975234270095825,70.11106872558594,359.6892395019531
58214626,7.56,1.4973458051681519,70.1106948852539,359.6884460449219
58234626,7.58,1.497331142425537,70.11067199707031,359.6878356933594
58254626,7.6,1.497226357460022,70.11064147949219,359.6871643066406
58274626,7.62,1.4973948001861572,70.11053466796875,359.6867980957031
58294626,7.64,1.4972575902938843,70.11045837402344,359.6861267089844
58314626,7.66,1.497109293937683,70.11044311523438,359.68536376953125
58334626,7.68,1.4971545934677124,70.11041259765625,359.684814453125
58354626,7.7,1.4971433877944946,70.1102523803711,359.6842041015625
58374626,7.72,1.4969044923782349,70.11023712158203,359.6834411621094
58394626,7.74,1.4967937469482422,70.11011505126953,359.6827087402344
58414626,7.76,1.4967550039291382,70.11006927490234,359.6820983886719
58434626,7.78,1.4965640306472778,70.1099624633789,359.6813049316406
58454626,7.8,1.49642014503479,70.10985565185547,359.68060302734375
58474626,7.82,1.496490478515625,70.10977172851562,359.6801452636719
58494626,7.84,1.496226191520691,70.10971069335938,359.6793212890625
58514626,7.86,1.4960401058197021,70.10955047607422,359.6785888671875
58534626,7.88,1.4959442615509033,70.10946655273438,359.6778869628906
58554626,7.9,1.4959286451339722,70.10932922363281,359.67730712890625
58574626,7.92,1.4958151578903198,70.10926055908203,359.67657470703125
58594626,7.94,1.4954553842544556,70.10917663574219,359.67572021484375
58614626,7.96,1.4952189922332764,70.10960388183594,359.6748962402344
58634626,7.98,1.4951155185699463,70.1100845336914,359.6742248535156
58654626,8.0,1.4948440790176392,70.11050415039062,359.6733703613281
58674626,8.02,1.4947360754013062,70.11090087890625,359.6726989746094
58694626,8.04,1.4945664405822754,70.11135864257812,359.6719970703125
58714626,8.06,1.4944934844970703,70.11168670654297,359.6713562011719
58734626,8.08,1.4942994117736816,70.11214447021484,359.67059326171875
58754626,8.1,1.494279384613037,70.11250305175781,359.6699523925781
58774626,8.12,1.4939817190170288,70.11296081542969,359.6690979003906
58794626,8.14,1.4939004182815552,70.1133804321289,359.66839599609375
58814626,8.16,1.4940122365951538,70.11380767822266,359.66796875
58834626,8.18,1.4937529563903809,70.11372375488281,359.6671142578125
58854626,8.2,1.4936195611953735,70.11363983154297,359.6663818359375
58874626,8.22,1.4935742616653442,70.11353302001953,359.6657409667969
58894626,8.24,1.4934306144714355,70.11348724365234,359.6650390625
58914626,8.26,1.4931749105453491,70.1134262084961,359.6641540527344
58934626,8.28,1.4932458400726318,70.1134033203125,359.66363525390625
58954626,8.3,1.4931259155273438,70.11333465576172,359.6629333496094
58974626,8.32,1.493133544921875,70.11323547363281,359.6623840332031
58994626,8.34,1.4930235147476196,70.11312103271484,359.6617431640625
59014626,8.36,1.4928447008132935,70.11309051513672,359.6609802246094
59034626,8.38,1.4928478002548218,70.11302185058594,359.6603698730469
59054626,8.4,1.4928122758865356,70.11293029785156,359.6597595214844
59074626,8.42,1.4928098917007446,70.11267852783203,359.6591491699219
59094626,8.44,1.492686152458191,70.11267852783203,359.6584167480469
59114626,8.46,1.4925533533096313,70.11270141601562,359.65765380859375
59134626,8.48,1.4925364255905151,70.1126937866211,359.6570739746094
59154626,8.5,1.4925085306167603,70.11260986328125,359.65643310546875
59174626,8.52,1.492439866065979,70.11260986328125,359.6557922363281
59194626,8.54,1.4923956394195557,70.11256408691406,359.6551208496094
59214626,8.56,1.4923226833343506,70.11250305175781,359.6544494628906
59234626,8.58,1.492353081703186,70.11241912841797,359.65386962890625
59254626,8.6,1.4923241138458252,70.11239624023438,359.6532287597656
59274626,8.62,1.4921740293502808,70.11227416992188,359.6524658203125
59294626,8.64,1.4922878742218018,70.11224365234375,359.6519775390625
59314626,8.66,1.4921249151229858,70.11209106445312,359.6512756347656
59334626,8.68,1.4921292066574097,70.11199951171875,359.6507568359375
59354626,8.7,1.4920467138290405,70.11184692382812,359.6500549316406
59374626,8.72,1.4918878078460693,70.1116714477539,359.6492614746094
59394626,8.74,1.4917998313903809,70.1115951538086,359.6485900878906
59414626,8.76,1.4918354749679565,70.11150360107422,359.6480407714844
59434626,8.78,1.4919201135635376,70.11144256591797,359.6475830078125
59454626,8.8,1.4920223951339722,70.11138916015625,359.6470947265625
59474626,8.82,1.492018461227417,70.111328125,359.6465148925781
59494626,8.84,1.4920567274093628,70.11126708984375,359.64593505859375
59514626,8.86,1.4922579526901245,70.11124420166016,359.6455383300781
59534626,8.88,1.4921722412109375,70.11114501953125,359.6449279785156
59554626,8.9,1.4921743869781494,70.11106872558594,359.6443176269531
59574626,8.92,1.4920310974121094,70.11096954345703,359.6436462402344
59594626,8.94,1.492244005203247,70.11093139648438,359.6432189941406
59614626,8.96,1.492114543914795,70.1108627319336,359.64251708984375
59634626,8.98,1.4920845031738281,70.11080169677734,359.6418762207031
59654626,9.0,1.4921066761016846,70.11077117919922,359.6412658691406
59674626,9.02,1.4922291040420532,70.11071014404297,359.6407470703125
59694626,9.04,1.4921233654022217,70.11064910888672,359.63995361328125
59714626,9.06,1.4922043085098267,70.11062622070312,359.639404296875
59734626,9.08,1.49223792552948,70.11056518554688,359.63885498046875
59754626,9.1,1.4922802448272705,70.11051177978516,359.6383056640625
59774626,9.12,1.4925774335861206,70.11044311523438,359.6380615234375
59794626,9.14,1.492477297782898,70.11040496826172,359.6374206542969
59814626,9.16,1.492411732673645,70.11040496826172,359.63671875
59834626,9.18,1.4923381805419922,70.11030578613281,359.6361083984375
59854626,9.2,1.4923449754714966,70.1102523803711,359.63555908203125
59874626,9.22,1.4924334287643433,70.11021423339844,359.6351013183594
59894626,9.24,1.492369532585144,70.11019134521484,359.634521484375
59914626,9.26,1.4924547672271729,70.1101303100586,359.6340026855469
59934626,9.28,1.49257493019104,70.1100082397461,359.633544921875
59954626,9.3,1.492614507675171,70.10991668701172,359.6330261230469
59974626,9.32,1.4927730560302734,70.10960388183594,359.6325378417969
59994626,9.34,1.492614507675171,70.10966491699219,359.6318054199219
60014626,9.36,1.4925569295883179,70.10966491699219,359.63116455078125
60034626,9.38,1.4925090074539185,70.10960388183594,359.63055419921875
60054626,9.4,1.4926161766052246,70.109619140625,359.6300048828125
60074626,9.42,1.4925068616867065,70.1095962524414,359.6293029785156
60094626,9.44,1.4923131465911865,70.10953521728516,359.6285400390625
60114626,9.46,1.4922900199890137,70.1095199584961,359.6278991699219
60134626,9.48,1.4922990798950195,70.10944366455078,359.6273498535156
60154626,9.5,1.4924308061599731,70.10940551757812,359.6268615722656
60174626,9.52,1.4923673868179321,70.10928344726562,359.626220703125
60194626,9.54,1.4922603368759155,70.10914611816406,359.6255187988281
60214626,9.56,1.492171049118042,70.109130859375,359.6247863769531
60234626,9.58,1.4920998811721802,70.10907745361328,359.62408447265625
60254626,9.6,1.4921319484710693,70.10902404785156,359.6235046386719
60274626,9.62,1.492260456085205,70.10897827148438,359.6230163574219
60294626,9.64,1.4923584461212158,70.1089096069336,359.6225280761719
60314626,9.66,1.4924124479293823,70.10875701904297,359.62200927734375
60334626,9.68,1.492487907409668,70.10871887207031,359.6214904785156
60354626,9.7,1.4923723936080933,70.10861206054688,359.62078857421875
60374626,9.72,1.4925336837768555,70.10855865478516,359.6203918457031
60394626,9.74,1.4926271438598633,70.10851287841797,359.6199645996094
60414626,9.76,1.4927539825439453,70.10848999023438,359.6194763183594
60434626,9.78,1.4926233291625977,70.10843658447266,359.6188049316406
60454626,9.8,1.4926931858062744,70.1083984375,359.61822509765625
60474626,9.82,1.4926923513412476,70.10836029052734,359.6176452636719
60494626,9.84,1.4925897121429443,70.10834503173828,359.616943359375
60514626,9.86,1.4925305843353271,70.10833740234375,359.61627197265625
60534626,9.88,1.4924712181091309,70.10832214355469,359.61566162109375
60554626,9.9,1.4925988912582397,70.10834503173828,359.6152038574219
60574626,9.92,1.4927761554718018,70.10826873779297,359.61480712890625
60594626,9.94,1.492667555809021,70.10816955566406,359.6141357421875
60614626,9.96,1.4926528930664062,70.1081314086914,359.6134338378906
60634626,9.98,1.4926022291183472,70.10808563232422,359.6129150390625
60654626,10.0,1.4927972555160522,70.10807800292969,359.61248779296875
60674626,10.02,1.4928797483444214,70.10807800292969,359.6119384765625
60694626,10.04,1.493186116218567,70.10806274414062,359.61163330078125
60714626,10.06,1.4932200908660889,70.10803985595703,359.611083984375
60734626,10.08,1.4933416843414307,70.10801696777344,359.6106262207031
60754626,10.1,1.4934887886047363,70.10795593261719,359.61016845703125
60774626,10.12,1.4935098886489868,70.1079330444336,359.60955810546875
60794626,10.14,1.4936583042144775,70.10794830322266,359.6091003417969
60814626,10.16,1.4939589500427246,70.10784149169922,359.60882568359375
60834626,10.18,1.493993878364563,70.1078872680664,359.6082763671875
60854626,10.2,1.4941401481628418,70.10792541503906,359.6078186035156
60874626,10.22,1.4942387342453003,70.10792541503906,359.60736083984375
60894626,10.24,1.494324803352356,70.10792541503906,359.6068420410156
60914626,10.26,1.4943729639053345,70.10790252685547,359.60626220703125
60934626,10.28,1.4944586753845215,70.1078872680664,359.6057434082031
60954626,10.3,1.4946953058242798,70.10763549804688,359.6053466796875
60974626,10.32,1.494739055633545,70.10763549804688,359.60479736328125
60994626,10.34,1.495018482208252,70.10760498046875,359.6044006347656
61014626,10.36,1.4950056076049805,70.10758209228516,359.6037902832031
61034626,10.38,1.495350956916809,70.10763549804688,359.6034851074219
61054626,10.4,1.495581865310669,70.10763549804688,359.60308837890625
61074626,10.42,1.495656967163086,70.1075210571289,359.60247802734375
61094626,10.44,1.4956977367401123,70.10748291015625,359.6019287109375
61114626,10.46,1.4959436655044556,70.10743713378906,359.60150146484375
61134626,10.48,1.496103286743164,70.10738372802734,359.6010437011719
61154626,10.5,1.4961329698562622,70.10735321044922,359.6004333496094
61174626,10.52,1.4963213205337524,70.10735321044922,359.60003662109375
61194626,10.54,1.4964618682861328,70.10735321044922,359.5995788574219
61214626,10.56,1.4966257810592651,70.10733032226562,359.5991516113281
61234626,10.58,1.4968006610870361,70.10733795166016,359.5986633300781
61254626,10.6,1.4969379901885986,70.10731506347656,359.59814453125
61274626,10.62,1.4969455003738403,70.10737609863281,359.59759521484375
61294626,10.64,1.497044563293457,70.10735321044922,359.59710693359375
61314626,10.66,1.49724280834198,70.10731506347656,359.5966796875
61334626,10.68,1.4973024129867554,70.10726928710938,359.5961608886719
61354626,10.7,1.497384786605835,70.10718536376953,359.5956726074219
61374626,10.72,1.4973535537719727,70.10720825195312,359.5950927734375
61394626,10.74,1.4975353479385376,70.10718536376953,359.5946350097656
61414626,10.76,1.4975173473358154,70.10711669921875,359.5940246582031
61434626,10.78,1.4975590705871582,70.1070327758789,359.5934753417969
61454626,10.8,1.4976886510849,70.1070556640625,359.5929870605469
61474626,10.82,1.4975420236587524,70.10700988769531,359.5923156738281
61494626,10.84,1.4976431131362915,70.1070556640625,359.591796875
61514626,10.86,1.4979475736618042,70.10699462890625,359.5915222167969
61534626,10.88,1.4979796409606934,70.10707092285156,359.59100341796875
61554626,10.9,1.4979040622711182,70.1070556640625,359.59033203125
61574626,10.92,1.4982037544250488,70.10709381103516,359.5899963378906
61594626,10.94,1.4982799291610718,70.10704040527344,359.5894470214844
61614626,10.96,1.4984251260757446,70.10699462890625,359.5889587402344
61634626,10.98,1.4985300302505493,70.1069107055664,359.58843994140625
61654626,11.0,1.4985926151275635,70.10692596435547,359.5877990722656
61674626,11.02,1.4984495639801025,70.10686492919922,359.5870056152344
61694626,11.04,1.4985849857330322,70.10688018798828,359.58648681640625
61714626,11.06,1.4986381530761719,70.10688781738281,359.5859375
61734626,11.08,1.498781681060791,70.10690307617188,359.5854187011719
61754626,11.1,1.4990689754486084,70.10685729980469,359.5850830078125
61774626,11.12,1.4991990327835083,70.10675048828125,359.5846252441406
61794626,11.14,1.4992238283157349,70.10675811767578,359.583984375
61814626,11.16,1.499340295791626,70.10672760009766,359.5835266113281
61834626,11.18,1.4993993043899536,70.10675811767578,359.58294677734375
61854626,11.2,1.499505639076233,70.10679626464844,359.58245849609375
61874626,11.22,1.4994926452636719,70.10675048828125,359.5819396972656
61894626,11.24,1.499488353729248,70.10672760009766,359.5813293457031
61914626,11.26,1.4996038675308228,70.10675811767578,359.58087158203125
61934626,11.28,1.499584436416626,70.10643005371094,359.5802917480469
61954626,11.3,1.4997297525405884,70.10652923583984,359.57989501953125
61974626,11.32,1.4997575283050537,70.10655975341797,359.5792541503906
61994626,11.34,1.4999676942825317,70.10659790039062,359.57879638671875
62014626,11.36,1.5001202821731567,70.10662078857422,359.5783386230469
62034626,11.38,1.5004926919937134,70.10667419433594,359.5780944824219
62054626,11.4,1.500609278678894,70.10667419433594,359.5776062011719
62074626,11.42,1.5006217956542969,70.10665893554688,359.5769958496094
62094626,11.44,1.500725507736206,70.10662841796875,359.57647705078125
62114626,11.46,1.5008248090744019,70.1065673828125,359.57598876953125
62134626,11.48,1.500649094581604,70.1064682006836,359.57525634765625
62154626,11.5,1.5005306005477905,70.10639953613281,359.574462890625
62174626,11.52,1.5003293752670288,70.10631561279297,359.5736083984375
62194626,11.54,1.5001784563064575,70.10616302490234,359.57281494140625
62214626,11.56,1.5000412464141846,70.10611724853516,359.5720520019531
62234626,11.58,1.4998371601104736,70.10595703125,359.5713195800781
62254626,11.6,1.4994714260101318,70.10588073730469,359.57037353515625
62274626,11.62,1.4993950128555298,70.10575103759766,359.5696105957031
62294626,11.64,1.4991801977157593,70.10562133789062,359.5687561035156
62314626,11.66,1.4990715980529785,70.10546875,359.5680236816406
62334626,11.68,1.4988254308700562,70.10543060302734,359.5671691894531
62354626,11.7,1.498574137687683,70.10577392578125,359.56640625
62374626,11.72,1.4983083009719849,70.10613250732422,359.5655822753906
62394626,11.74,1.4981155395507812,70.10650634765625,359.5648498535156
62414626,11.76,1.4979774951934814,70.10692596435547,359.5640869140625
62434626,11.78,1.4978166818618774,70.10731506347656,359.5633239746094
62454626,11.8,1.4978147745132446,70.10768127441406,359.5626525878906
62474626,11.82,1.4976694583892822,70.1081314086914,359.5618591308594
62494626,11.84,1.497466802597046,70.10848999023438,359.56103515625
62514626,11.86,1.4974398612976074,70.10889434814453,359.5603942871094
62534626,11.88,1.497183084487915,70.1092758178711,359.5595703125
62554626,11.9,1.4971829652786255,70.10966491699219,359.55902099609375
62574626,11.92,1.4971120357513428,70.10960388183594,359.558349609375
62594626,11.94,1.4970494508743286,70.1094970703125,359.5576477050781
62614626,11.96,1.4968563318252563,70.10942077636719,359.556884765625
62634626,11.98,1.4969193935394287,70.10934448242188,359.55633544921875
62654626,12.0,1.496950626373291,70.1092758178711,359.5557861328125
62674626,12.02,1.4967215061187744,70.1092758178711,359.55499267578125
62694626,12.04,1.4965628385543823,70.10921478271484,359.55419921875
62714626,12.06,1.496490240097046,70.1091537475586,359.5534973144531
62734626,12.08,1.4962013959884644,70.10908508300781,359.5526428222656
62754626,12.1,1.4961020946502686,70.10900115966797,359.55194091796875
62774626,12.12,1.4960756301879883,70.10893249511719,359.55133056640625
62794626,12.14,1.4959932565689087,70.10888671875,359.5506286621094
62814626,12.16,1.4959218502044678,70.10877990722656,359.5499572753906
62834626,12.18,1.495782494544983,70.10868072509766,359.5491943359375
62854626,12.2,1.4956179857254028,70.1086196899414,359.5484619140625
62874626,12.22,1.4955154657363892,70.10855102539062,359.54779052734375
62894626,12.24,1.4953815937042236,70.10843658447266,359.5470275878906
62914626,12.26,1.495351791381836,70.10838317871094,359.5463562011719
62934626,12.28,1.4953519105911255,70.10833740234375,359.54571533203125
62954626,12.3,1.4952919483184814,70.10796356201172,359.5449523925781
62974626,12.32,1.495162010192871,70.10791015625,359.5442199707031
62994626,12.34,1.4952012300491333,70.10786437988281,359.5435791015625
63014626,12.36,1.4951362609863281,70.10778045654297,359.5428771972656
63034626,12.38,1.495275855064392,70.10774230957031,359.5425109863281
63054626,12.4,1.4952008724212646,70.10765838623047,359.5418395996094
63074626,12.42,1.4951272010803223,70.10752868652344,359.5411376953125
63094626,12.44,1.4950599670410156,70.10746002197266,359.5404052734375
63114626,12.46,1.4949157238006592,70.10737609863281,359.5395812988281
63134626,12.48,1.4946798086166382,70.10726165771484,359.538818359375
63154626,12.5,1.4944642782211304,70.10718536376953,359.53802490234375
63174626,12.52,1.494284987449646,70.1070556640625,359.5372009277344
63194626,12.54,1.4941598176956177,70.10697937011719,359.5364685058594
63214626,12.56,1.4940272569656372,70.10686492919922,359.53570556640625
63234626,12.58,1.493842601776123,70.10681915283203,359.534912109375
63254626,12.6,1.4936023950576782,70.10673522949219,359.5340270996094
63274626,12.62,1.4935195446014404,70.10662078857422,359.5332946777344
63294626,12.64,1.4932453632354736,70.10652160644531,359.53240966796875
63314626,12.66,1.4932078123092651,70.10639190673828,359.5317077636719
63334626,12.68,1.4930073022842407,70.10633850097656,359.5308837890625
63354626,12.7,1.4928532838821411,70.10624694824219,359.5301208496094
63374626,12.72,1.492618203163147,70.10611724853516,359.5292663574219
63394626,12.74,1.4925862550735474,70.10601043701172,359.5286865234375
63414626,12.76,1.492343544960022,70.10586547851562,359.52783203125
63434626,12.78,1.4922511577606201,70.10581970214844,359.52716064453125
63454626,12.8,1.4920824766159058,70.10578918457031,359.5263977050781
63474626,12.82,1.4920392036437988,70.10575103759766,359.52569580078125
63494626,12.84,1.4920035600662231,70.10567474365234,359.5250244140625
63514626,12.86,1.4918314218521118,70.10562133789062,359.5242919921875
63534626,12.88,1.491564393043518,70.10556030273438,359.52337646484375
63554626,12.9,1.4913721084594727,70.10543060302734,359.5225830078125
63574626,12.92,1.4912422895431519,70.10526275634766,359.52178955078125
63594626,12.94,1.4910982847213745,70.10517883300781,359.52099609375
63614626,12.96,1.4909826517105103,70.1051025390625,359.5202331542969
63634626,12.98,1.4907804727554321,70.10501098632812,359.5193786621094
63654626,13.0,1.4906260967254639,70.10491180419922,359.51861572265625
63674626,13.02,1.4904242753982544,70.10482788085938,359.51776123046875
63694626,13.04,1.4904811382293701,70.10474395751953,359.5171203613281
63714626,13.06,1.4902348518371582,70.1046371459961,359.5162048339844
63734626,13.08,1.48997962474823,70.10457611083984,359.51531982421875
63754626,13.1,1.4898439645767212,70.1044921875,359.5145568847656
63774626,13.12,1.4896063804626465,70.10438537597656,359.5137023925781
63794626,13.14,1.4897364377975464,70.10433197021484,359.51318359375
63814626,13.16,1.4896724224090576,70.104248046875,359.51251220703125
63834626,13.18,1.489437222480774,70.10416412353516,359.51165771484375
63854626,13.2,1.4892998933792114,70.10408782958984,359.5108642578125
63874626,13.22,1.4892196655273438,70.10404205322266,359.5101623535156
63894626,13.24,1.4892348051071167,70.10395050048828,359.5095520019531
63914626,13.26,1.489413857460022,70.10387420654297,359.5091247558594
63934626,13.28,1.4892961978912354,70.1037826538086,359.5084228515625
63954626,13.3,1.4893295764923096,70.10372161865234,359.5077819824219
63974626,13.32,1.4892313480377197,70.10360717773438,359.50701904296875
63994625,13.339999,1.4891937971115112,70.1032485961914,359.50640869140625
64014618,13.359992,1.488990068435669,70.1032485961914,359.5055847167969
64034612,13.379986,1.488964319229126,70.10318756103516,359.5049133300781
64054605,13.399979,1.4886924028396606,70.10320281982422,359.5040283203125
64074598,13.419972,1.4886643886566162,70.10318756103516,359.5034484863281
64094591,13.439965,1.4885199069976807,70.1031265258789,359.502685546875
64114585,13.459959,1.4884445667266846,70.10308074951172,359.50201416015625
64134578,13.479952,1.488452434539795,70.10297393798828,359.50140380859375
64154571,13.499945,1.4883289337158203,70.10289001464844,359.5005798339844
64174565,13.519939,1.4881006479263306,70.10282135009766,359.4997863769531
64194558,13.539932,1.4879807233810425,70.102783203125,359.49908447265625
64214551,13.559925,1.4879522323608398,70.10269165039062,359.4984130859375
64234544,13.579918,1.4878277778625488,70.10262298583984,359.49761962890625
64254538,13.599912,1.487806797027588,70.10255432128906,359.4969177246094
64274531,13.619905,1.4874851703643799,70.10249328613281,359.4959716796875
64294524,13.639898,1.487507700920105,70.1024169921875,359.4953308105469
64314517,13.659891,1.4876035451889038,70.1023941040039,359.494873046875
64334511,13.679885,1.4876885414123535,70.10231018066406,359.4942626953125
64354504,13.699878,1.4875291585922241,70.10224914550781,359.4934387207031
64374497,13.719871,1.487546443939209,70.10215759277344,359.4927978515625
64394491,13.739865,1.4871888160705566,70.10214233398438,359.4918518066406
64414484,13.759858,1.4872180223464966,70.10201263427734,359.4911804199219
64434477,13.779851,1.487199068069458,70.10196685791016,359.49053955078125
64454470,13.799844,1.487222671508789,70.10189819335938,359.489990234375
64474464,13.819838,1.4870749711990356,70.1019058227539,359.4892272949219
64494457,13.839831,1.4869256019592285,70.10187530517578,359.48846435546875
64514450,13.859824,1.4867777824401855,70.10182189941406,359.4876403808594
64534444,13.879818,1.4866729974746704,70.10177612304688,359.4868469238281
64554437,13.899811,1.4867733716964722,70.10176086425781,359.486328125
64574430,13.919804,1.4866329431533813,70.10172271728516,359.4855651855469
64594423,13.939797,1.4865423440933228,70.10172271728516,359.4848937988281
64614417,13.959791,1.4864859580993652,70.1016845703125,359.48419189453125
64634410,13.979784,1.4864959716796875,70.10160064697266,359.48358154296875
64654403,13.999777,1.486499547958374,70.10151672363281,359.48291015625
64674397,14.019771,1.486400842666626,70.10151672363281,359.4822082519531
64694390,14.039764,1.4865591526031494,70.10143280029297,359.4817810058594
64714383,14.059757,1.4863719940185547,70.10138702392578,359.4809875488281
64734376,14.07975,1.4863958358764648,70.1013412475586,359.48028564453125
64754370,14.099744,1.4862675666809082,70.1013412475586,359.4795227050781
64774363,14.119737,1.4861336946487427,70.10132598876953,359.478759765625
64794356,14.13973,1.4861453771591187,70.10124206542969,359.4781188964844
64814349,14.159723,1.4860634803771973,70.1011734008789,359.4774169921875
64834343,14.179717,1.4859721660614014,70.1010971069336,359.4766845703125
64854336,14.19971,1.4859975576400757,70.10106658935547,359.4760437011719
64874329,14.219703,1.485856056213379,70.10099792480469,359.4752502441406
64894323,14.239697,1.485593318939209,70.10098266601562,359.474365234375
64914316,14.25969,1.485526442527771,70.10093688964844,359.4736633300781
64934309,14.279683,1.4853966236114502,70.10092163085938,359.4729309082031
64954302,14.299676,1.4853590726852417,70.10093688964844,359.4722900390625
64974296,14.31967,1.4852546453475952,70.10095977783203,359.47161865234375
64994289,14.339663,1.4852973222732544,70.10086822509766,359.4709777832031
65014282,14.359656,1.4852864742279053,70.10086822509766,359.47039794921875
65034276,14.37965,1.4852672815322876,70.10076141357422,359.4698181152344
65054269,14.399643,1.485188603401184,70.10042572021484,359.4690246582031
65074262,14.419636,1.4852830171585083,70.10040283203125,359.46844482421875
65094255,14.439629,1.4855732917785645,70.1004409790039,359.4680480957031
65114249,14.459623,1.4853873252868652,70.10041809082031,359.4672546386719
65134242,14.479616,1.4856706857681274,70.10040283203125,359.4669189453125
65154235,14.499609,1.4857827425003052,70.10035705566406,359.46636962890625
65174229,14.519603,1.4859068393707275,70.100341796875,359.4658203125
65194222,14.539596,1.4860094785690308,70.10025787353516,359.46527099609375
65214215,14.559589,1.4858888387680054,70.10022735595703,359.46453857421875
65234208,14.579582,1.4859966039657593,70.1001968383789,359.4639587402344
65254202,14.599576,1.485961675643921,70.10017395019531,359.4632873535156
65274195,14.619569,1.4859815835952759,70.10016632080078,359.4626770019531
65294188,14.639562,1.4860002994537354,70.10015106201172,359.4620666503906
65314181,14.659555,1.4858508110046387,70.10008239746094,359.4613037109375
65334175,14.679549,1.4859346151351929,70.10005950927734,359.46075439453125
65354168,14.699542,1.4858276844024658,70.10002136230469,359.4599914550781
65374161,14.719535,1.4860069751739502,70.0999984741211,359.45947265625
65394155,14.739529,1.4860916137695312,70.09991455078125,359.4590148925781
65414148,14.759522,1.486142635345459,70.0998764038086,359.45843505859375
65434141,14.779515,1.4862706661224365,70.09980773925781,359.4578857421875
65454134,14.799508,1.4862525463104248,70.09980010986328,359.4571533203125
65474128,14.819502,1.4862208366394043,70.09976196289062,359.45648193359375
65494121,14.839495,1.4863722324371338,70.0997543334961,359.45599365234375
65514114,14.859488,1.486266851425171,70.09973907470703,359.4552307128906
65534108,14.879482,1.4862651824951172,70.09972381591797,359.45458984375
65554101,14.899475,1.4864070415496826,70.09973907470703,359.4540100097656
65574094,14.919468,1.486570119857788,70.0997543334961,359.4534912109375
65594087,14.939461,1.4865154027938843,70.09970092773438,359.45269775390625
65614081,14.959455,1.4865901470184326,70.09971618652344,359.4521789550781
65634074,14.979448,1.486754298210144,70.09962463378906,359.45172119140625
65654067,14.999441,1.486680269241333,70.09956359863281,359.4510192871094
65674061,15.019435,1.4868401288986206,70.09953308105469,359.4504699707031
65694054,15.039428,1.4868965148925781,70.0995101928711,359.4498291015625
65714047,15.059421,1.4870398044586182,70.09949493408203,359.4493103027344
65734040,15.079414,1.4870080947875977,70.09949493408203,359.44866943359375
65754034,15.099408,1.4869301319122314,70.09942626953125,359.447998046875
65774027,15.119401,1.4868924617767334,70.09947967529297,359.4472961425781
65794020,15.139394,1.4869861602783203,70.09943389892578,359.4467468261719
65814013,15.159387,1.4871033430099487,70.09944152832031,359.4461669921875
65834007,15.179381,1.4873638153076172,70.09945678710938,359.4458312988281
65854000,15.199374,1.4874109029769897,70.09942626953125,359.4452209472656
65873993,15.219367,1.4875224828720093,70.09943389892578,359.4447021484375
65893987,15.239361,1.4875577688217163,70.09939575195312,359.4440612792969
65913980,15.259354,1.487869381904602,70.09931182861328,359.4437255859375
65933973,15.279347,1.4878787994384766,70.0992431640625,359.44305419921875
65953966,15.29934,1.4877657890319824,70.09921264648438,359.44232177734375
65973960,15.319334,1.4878438711166382,70.09925079345703,359.4417724609375
65993953,15.339327,1.4878443479537964,70.09921264648438,359.44110107421875
66014946,15.36032,1.487924337387085,70.09922790527344,359.4405212402344
66034939,15.380313,1.487955093383789,70.0992431640625,359.4398498535156
66054932,15.400306,1.488141417503357,70.09915924072266,359.4394226074219
66074926,15.4203,1.4882216453552246,70.09912109375,359.4388122558594
66094919,15.440293,1.4884485006332397,70.09913635253906,359.4383850097656
66114912,15.460286,1.4887038469314575,70.09886169433594,359.43792724609375
66134906,15.48028,1.4888209104537964,70.09890747070312,359.4373779296875
66154899,15.500273,1.4889642000198364,70.09893035888672,359.4368896484375
66174892,15.520266,1.489195466041565,70.09901428222656,359.4364318847656
66194885,15.540259,1.4893810749053955,70.09907531738281,359.43597412109375
66214879,15.560253,1.4894616603851318,70.09903717041016,359.4354248046875
66234872,15.580246,1.489755630493164,70.0990982055664,359.43505859375
66254865,15.600239,1.4899135828018188,70.0990982055664,359.4345703125
66274859,15.620233,1.4901210069656372,70.09911346435547,359.4341735839844
66294852,15.640226,1.4902948141098022,70.0990982055664,359.43365478515625
66314845,15.660219,1.4903223514556885,70.0990982055664,359.4330749511719
66334838,15.680212,1.4903837442398071,70.09906005859375,359.43243408203125
66354832,15.700206,1.4904292821884155,70.09903717041016,359.4317321777344
66374825,15.720199,1.4902859926223755,70.09905242919922,359.4309387207031
66394818,15.740192,1.4904950857162476,70.0989990234375,359.4305419921875
66414812,15.760186,1.4906800985336304,70.09894561767578,359.4300231933594
66434805,15.780179,1.490793228149414,70.09901428222656,359.4295654296875
66454798,15.800172,1.490883708000183,70.0990219116211,359.42901611328125
66474791,15.820165,1.4908894300460815,70.09911346435547,359.4283142089844
66494785,15.840159,1.4910101890563965,70.0990982055664,359.42779541015625
66514778,15.860152,1.4909008741378784,70.0991439819336,359.427001953125
66534771,15.880145,1.4910404682159424,70.09907531738281,359.4265441894531
66554764,15.900138,1.4911470413208008,70.09908294677734,359.426025390625
66574758,15.920132,1.4913325309753418,70.09903717041016,359.4255676269531
66594751,15.940125,1.4913387298583984,70.09896850585938,359.4249267578125
66614744,15.960118,1.4914013147354126,70.09893035888672,359.42437744140625
66634738,15.980112,1.4912481307983398,70.09888458251953,359.42352294921875
66654731,16.000105,1.4913657903671265,70.09890747070312,359.42291259765625
66674724,16.020098,1.4914555549621582,70.09883880615234,359.42236328125
66694717,16.040091,1.491591453552246,70.0987777709961,359.42181396484375
66714711,16.060085,1.491834282875061,70.09876251220703,359.4214172363281
66734704,16.080078,1.4919190406799316,70.0987548828125,359.42083740234375
66754697,16.100071,1.4919443130493164,70.09876251220703,359.42022705078125
66774691,16.120065,1.4919568300247192,70.09873962402344,359.4195556640625
66794684,16.140058,1.492056965827942,70.09871673583984,359.4189758300781
66814677,16.160051,1.4921226501464844,70.09876251220703,359.4183044433594
66834670,16.180044,1.492393136024475,70.0987777709961,359.4178466796875
66854664,16.200038,1.4927630424499512,70.09873962402344,359.41754150390625
66874657,16.220031,1.4929851293563843,70.09870147705078,359.4171142578125
66894650,16.240024,1.4930733442306519,70.0987319946289,359.41650390625
66914644,16.260018,1.4932199716567993,70.0987548828125,359.41595458984375
66934637,16.280011,1.4932526350021362,70.09869384765625,359.415283203125
66954630,16.300004,1.493420124053955,70.09867095947266,359.41473388671875
66974623,16.319997,1.4935113191604614,70.0986328125,359.4142150878906
66994617,16.339991,1.49384605884552,70.09866333007812,359.4138488769531
67014610,16.359984,1.4942309856414795,70.09867095947266,359.41357421875
67034603,16.379977,1.4943866729736328,70.09867858886719,359.4130554199219
67054596,16.39997,1.494554042816162,70.09864807128906,359.41253662109375
67074590,16.419964,1.4946755170822144,70.09867858886719,359.41204833984375
67094583,16.439957,1.494600534439087,70.09867858886719,359.411376953125
67114576,16.45995,1.4947806596755981,70.0987548828125,359.41082763671875
67134570,16.479944,1.4948606491088867,70.09871673583984,359.41021728515625
67154563,16.499937,1.495037317276001,70.09876251220703,359.4096984863281
67174556,16.51993,1.4948354959487915,70.09867095947266,359.40887451171875
67194549,16.539923,1.4946637153625488,70.09825897216797,359.4080505371094
67214543,16.559917,1.4944026470184326,70.09820556640625,359.4071960449219
67234536,16.57991,1.4941906929016113,70.09815979003906,359.4063415527344
67254529,16.599903,1.4939935207366943,70.09807586669922,359.40545654296875
67274523,16.619897,1.493831992149353,70.09796142578125,359.4046936035156
67294516,16.63989,1.4936655759811401,70.0978775024414,359.4037780761719
67314509,16.659883,1.4933961629867554,70.0977783203125,359.4028625488281
67334502,16.679876,1.4931224584579468,70.09771728515625,359.4020080566406
67354496,16.69987,1.4930859804153442,70.09764099121094,359.4013366699219
67374489,16.719863,1.4927667379379272,70.09764099121094,359.40032958984375
67394482,16.739856,1.4924699068069458,70.09758758544922,359.3993835449219
67414476,16.75985,1.4922374486923218,70.09749603271484,359.39849853515625
67434469,16.779843,1.4921798706054688,70.09738159179688,359.39776611328125
67454462,16.799836,1.4920059442520142,70.09723663330078,359.3969421386719
67474455,16.819829,1.4916330575942993,70.09717559814453,359.39593505859375
67494449,16.839823,1.491358757019043,70.09707641601562,359.39495849609375
67514442,16.859816,1.4912854433059692,70.09700012207031,359.3942565917969
67534435,16.879809,1.4910897016525269,70.09687805175781,359.3934020996094
67554428,16.899802,1.4908370971679688,70.09675598144531,359.3924865722656
67574422,16.919796,1.4907569885253906,70.09658813476562,359.3916931152344
67594415,16.939789,1.4904283285140991,70.09648895263672,359.3907470703125
67614408,16.959782,1.4902985095977783,70.09640502929688,359.38995361328125
67634402,16.979776,1.4901677370071411,70.0963134765625,359.38916015625
67654395,16.999769,1.489827275276184,70.09622955322266,359.38818359375
67674388,17.019762,1.4895305633544922,70.09622955322266,359.3872375488281
67694381,17.039755,1.4893558025360107,70.09610748291016,359.3864440917969
67714375,17.059749,1.4891366958618164,70.09602355957031,359.3855895996094
67734368,17.079742,1.4887367486953735,70.09603881835938,359.3844909667969
67754361,17.099735,1.48869788646698,70.09589385986328,359.38385009765625
67774355,17.119729,1.4883661270141602,70.09578704833984,359.3829040527344
67794348,17.139722,1.4880703687667847,70.09571838378906,359.38201904296875
67814341,17.159715,1.4879885911941528,70.09564208984375,359.38128662109375
67834334,17.179708,1.4878820180892944,70.09556579589844,359.3804626464844
67854328,17.199702,1.4875801801681519,70.09546661376953,359.37957763671875
67874321,17.219695,1.4874267578125,70.09535217285156,359.3787536621094
67894314,17.239688,1.4871327877044678,70.09529113769531,359.3778076171875
67914308,17.259682,1.486881136894226,70.09519958496094,359.3769836425781
67934301,17.279675,1.4866156578063965,70.09514617919922,359.37603759765625
67954294,17.299668,1.4864864349365234,70.0951156616211,359.3753356933594
67974287,17.319661,1.4861594438552856,70.0950698852539,359.3743591308594
67994281,17.339655,1.4859158992767334,70.0949935913086,359.3734436035156
68014274,17.359648,1.4858497381210327,70.094970703125,359.3727111816406
68034267,17.379641,1.4856393337249756,70.0948257446289,359.371826171875
68054260,17.399634,1.4853687286376953,70.09477233886719,359.370849609375
68074254,17.419628,1.485360860824585,70.09479522705078,359.3701477050781
68094247,17.439621,1.485183596611023,70.09481048583984,359.36920166015625
68114240,17.459614,1.48500657081604,70.09475708007812,359.368408203125
68134234,17.479608,1.48479163646698,70.09469604492188,359.3675231933594
68154227,17.499601,1.4845619201660156,70.09440612792969,359.3667297363281
68174220,17.519594,1.4844752550125122,70.09447479248047,359.365966796875
68194213,17.539587,1.484272837638855,70.09451293945312,359.3651428222656
68214207,17.559581,1.4840011596679688,70.09449768066406,359.36419677734375
68234200,17.579574,1.4836937189102173,70.09449005126953,359.3631896972656
68254193,17.599567,1.4834877252578735,70.09449005126953,359.3623046875
68274187,17.619561,1.483352541923523,70.09452819824219,359.3615417480469
68294180,17.639554,1.483237862586975,70.09452056884766,359.3608703613281
68314173,17.659547,1.4831483364105225,70.09447479248047,359.3600769042969
68334166,17.67954,1.4827851057052612,70.09439849853516,359.3589782714844
68354160,17.699534,1.4825316667556763,70.09432220458984,359.3580017089844
68374153,17.719527,1.4823384284973145,70.09420776367188,359.3571472167969
68394146,17.73952,1.4822229146957397,70.09415435791016,359.35638427734375
68414140,17.759514,1.482171654701233,70.09408569335938,359.3556213378906
68434133,17.779507,1.4822124242782593,70.09400177001953,359.35498046875
68454126,17.7995,1.4819166660308838,70.09394836425781,359.35406494140625
68474119,17.819493,1.4939723014831543,70.0966796875,359.35345458984375
68494113,17.839487,1.5290101766586304,70.09688568115234,359.3528747558594
68514106,17.85948,1.5900455713272095,70.09706115722656,359.3522644042969
68534099,17.879473,1.6807204484939575,70.09710693359375,359.3515930175781
68554092,17.899466,1.8060187101364136,70.09709167480469,359.3507995605469
68574086,17.91946,1.9696496725082397,70.09671783447266,359.3502502441406
68594079,17.939453,2.164428472518921,70.0965576171875,359.3495178222656
68614072,17.959446,2.341320753097534,70.09709167480469,359.3486022949219
68634066,17.97944,2.4505889415740967,70.09739685058594,359.3481140136719
68654059,17.999433,2.496276378631592,70.09742736816406,359.347412109375
68674052,18.019426,2.470362424850464,70.09368896484375,359.3470458984375
68694045,18.039419,2.3812127113342285,70.04718780517578,359.35101318359375
68714039,18.059413,2.2540438175201416,69.928955078125,359.3601989746094
68734032,18.079406,2.133310556411743,69.75807189941406,359.3697204589844
68754025,18.099399,2.0481977462768555,69.57278442382812,359.37701416015625
68774019,18.119393,1.9671095609664917,69.38872528076172,359.38397216796875
68794012,18.139386,1.8477095365524292,69.20514678955078,359.3902282714844
68814005,18.159379,1.6814720630645752,69.02117156982422,359.3956298828125
68833998,18.179372,1.4940357208251953,68.83596801757812,359.3999328613281
68853992,18.199366,1.310684323310852,68.64906311035156,359.4033508300781
68873985,18.219359,1.1365810632705688,68.45990753173828,359.406005859375
68893978,18.239352,0.9632459282875061,68.26802062988281,359.40771484375
68913972,18.259346,0.7841112613677979,68.07315063476562,359.4085693359375
68933965,18.279339,0.603892982006073,67.93331909179688,359.4100036621094
68953958,18.299332,0.4266369938850403,67.7901382446289,359.40948486328125
68974951,18.320325,0.2497967630624771,67.63619232177734,359.4071044921875
68994944,18.340318,0.09343797713518143,67.48636627197266,359.4032287597656
69014938,18.360312,-0.051371507346630096,67.33404541015625,359.39752197265625
69034931,18.380305,-0.185649111866951,67.1799087524414,359.3902282714844
69054924,18.400298,-0.3094479441642761,67.02488708496094,359.3813781738281
69074917,18.420291,-0.4191760718822479,66.87007141113281,359.37109375
69094911,18.440285,-0.5122013092041016,66.71704864501953,359.3599853515625
69114904,18.460278,-0.5892360806465149,66.5676498413086,359.3480529785156
69134897,18.480271,-0.6476366519927979,66.44637298583984,359.3391418457031
69154891,18.500265,-0.6886973977088928,66.33241271972656,359.3294677734375
69174884,18.520258,-0.7107027769088745,66.2276611328125,359.319580078125
69194877,18.540251,-0.718113124370575,66.13411712646484,359.3095397949219
69214870,18.560244,-0.7131087779998779,66.0536117553711,359.2997741699219
69234864,18.580238,-0.697124719619751,65.98770904541016,359.2904052734375
69254857,18.600231,-0.6709854006767273,65.93791198730469,359.2818908691406
69274850,18.620224,-0.6356097459793091,65.90511322021484,359.27435302734375
69294844,18.640218,-0.5915683507919312,65.88945770263672,359.2681884765625
69314837,18.660211,-0.5396754741668701,65.89054107666016,359.2635803222656
69334830,18.680204,-0.48044469952583313,65.90740966796875,359.2605895996094
69354823,18.700197,-0.41494086384773254,65.94454956054688,359.25885009765625
69374817,18.720191,-0.3431289494037628,65.99310302734375,359.2587585449219
69394810,18.740184,-0.2673465609550476,66.04989624023438,359.2605895996094
69414803,18.760177,-0.19344839453697205,66.1112289428711,359.2650146484375
69434796,18.78017,-0.12235501408576965,66.17318725585938,359.27197265625
69454790,18.800164,-0.053379785269498825,66.23207092285156,359.2807922363281
69474783,18.820157,0.01436442881822586,66.28437042236328,359.2911071777344
69494776,18.84015,0.08087805658578873,66.3272705078125,359.302001953125
69514770,18.860144,0.14666470885276794,66.35894012451172,359.3130798339844
69534763,18.880137,0.20831505954265594,66.3784408569336,359.3232727050781
69554756,18.90013,0.2566078305244446,66.38634490966797,359.3312072753906
69574749,18.920123,0.29183176159858704,66.38850402832031,359.3333435058594
69594743,18.940117,0.3268105685710907,66.38350677490234,359.3309326171875
69614736,18.96011,0.3574709892272949,66.3744888305664,359.3247375488281
69634729,18.980103,0.3658387362957001,66.36529541015625,359.3174743652344
69654723,19.000097,0.35999736189842224,66.35948944091797,359.3103332519531
69674716,19.02009,0.3681800663471222,66.36030578613281,359.3016662597656
69694709,19.040083,0.3986636996269226,66.36995697021484,359.2934265136719
69714702,19.060076,0.41805052757263184,66.39002990722656,359.286865234375
69734696,19.08007,0.3990376889705658,66.42108917236328,359.2826232910156
69754689,19.100063,0.36279192566871643,66.46244049072266,359.2809143066406
69774682,19.120056,0.36813220381736755,66.51227569580078,359.281982421875
69794676,19.14005,0.4034605324268341,66.56735229492188,359.2845153808594
69814669,19.160043,0.4132171869277954,66.62447357177734,359.2874755859375
69834662,19.180036,0.3843032121658325,66.6805648803711,359.2910461425781
69854655,19.200029,0.3522650897502899,66.7325210571289,359.2937316894531
69874649,19.220023,0.3683350086212158,66.77887725830078,359.2961730957031
69894642,19.240016,0.40906190872192383,66.81878662109375,359.29852294921875
69914635,19.260009,0.4026136100292206,66.8525619506836,359.3007507324219
69934628,19.280002,0.36841973662376404,66.88151550292969,359.3021240234375
69954622,19.299996,0.3820868730545044,66.90771484375,359.3023681640625
69974615,19.319989,0.42157602310180664,66.93373107910156,359.3017883300781
69994608,19.339982,0.40880900621414185,66.96212005615234,359.30078125
70014602,19.359976,0.36735501885414124,66.99382019042969,359.2991027832031
70034595,19.379969,0.3798711895942688,67.03114318847656,359.296875
70054588,19.399962,0.4216490685939789,67.07442474365234,359.2948913574219
70074581,19.419955,0.40742331743240356,67.12269592285156,359.2937316894531
70094575,19.439949,0.36362725496292114,67.17448425292969,359.2931213378906
70114568,19.459942,0.37908226251602173,67.22771453857422,359.29302978515625
70134561,19.479935,0.426472544670105,67.28026580810547,359.2936096191406
70154555,19.499929,0.4128285348415375,67.33039855957031,359.2947998046875
70174548,19.519922,0.36771777272224426,67.37712860107422,359.2961120605469
70194541,19.539915,0.3855888545513153,67.42027282714844,359.2969970703125
70214534,19.559908,0.4357024133205414,67.46051788330078,359.2975158691406
70234528,19.579902,0.42021745443344116,67.4975357055664,359.2976989746094
70254521,19.599895,0.3712562322616577,67.53438568115234,359.2974548339844
70274514,19.619888,0.38786107301712036,67.57259368896484,359.29638671875
70294508,19.639882,0.4381077289581299,67.6131591796875,359.2953186035156
70314501,19.659875,0.4211766719818115,67.65647888183594,359.2944030761719
70334494,19.679868,0.37032902240753174,67.70249938964844,359.29364013671875
70354487,19.699861,0.38740822672843933,67.75027465820312,359.29296875
70374481,19.719855,0.43911316990852356,67.79878997802734,359.29248046875
70394474,19.739848,0.42308127880096436,67.8468017578125,359.292724609375
70414467,19.759841,0.373340368270874,67.89356231689453,359.2931823730469
70434460,19.779834,0.3912077844142914,67.9383773803711,359.2932434082031
70454454,19.799828,0.4435936510562897,67.97909545898438,359.2936706542969
70474447,19.819821,0.4279122054576874,68.01810455322266,359.2941589355469
70494440,19.839814,0.3778557777404785,68.05610656738281,359.2944030761719
70514434,19.859808,0.39515137672424316,68.09386444091797,359.2940673828125
70534427,19.879801,0.44656720757484436,68.13204193115234,359.2937316894531
70554420,19.899794,0.4302142262458801,68.1711196899414,359.2934265136719
70574413,19.919787,0.3801082670688629,68.2114028930664,359.2930908203125
70594407,19.939781,0.39686521887779236,68.25264739990234,359.29254150390625
70614400,19.959774,0.44753342866897583,68.29459381103516,359.292236328125
70634393,19.979767,0.4322580099105835,68.3366928100586,359.29241943359375
70654387,19.999761,0.38342195749282837,68.37853240966797,359.2926330566406
70674380,20.019754,0.40026840567588806,68.41543579101562,359.29254150390625
70694373,20.039747,0.45084479451179504,68.4512939453125,359.2928771972656
70714366,20.05974,0.43621814250946045,68.48611450195312,359.29339599609375
70734360,20.079734,0.38822999596595764,68.5199966430664,359.293701171875
70754353,20.099727,0.40461021661758423,68.55328369140625,359.2935485839844
70774346,20.11972,0.4539174735546112,68.58636474609375,359.29327392578125
70794340,20.139714,0.4387575089931488,68.61943817138672,359.29315185546875
70814333,20.159707,0.3906903564929962,68.65284729003906,359.29296875
70834326,20.1797,0.40678998827934265,68.68660736083984,359.29266357421875
70854319,20.199693,0.4556914269924164,68.72076416015625,359.2923889160156
70874313,20.219687,0.4411853849887848,68.75526428222656,359.2924499511719
70894306,20.23968,0.3926123380661011,68.71022033691406,359.29107666015625
70914299,20.259673,0.4070873260498047,68.66499328613281,359.2896728515625
70934292,20.279666,0.45404431223869324,68.61946105957031,359.2880859375
70954286,20.29966,0.4383040964603424,68.5733642578125,359.28680419921875
70974279,20.319653,0.3901195824146271,68.5266342163086,359.28546142578125
70994272,20.339646,0.40468209981918335,68.47941589355469,359.28411865234375
71014266,20.35964,0.45123568177223206,68.43175506591797,359.28265380859375
71034259,20.379633,0.43558207154273987,68.38381958007812,359.2812194824219
71054252,20.399626,0.3881770074367523,68.33572387695312,359.2798156738281
71074245,20.419619,0.40184786915779114,68.28759765625,359.27825927734375
71094239,20.439613,0.44747433066368103,68.23959350585938,359.2765808105469
71114232,20.459606,0.4319922924041748,67.95901489257812,359.2750244140625
71134225,20.479599,0.37756794691085815,67.67890930175781,359.2732238769531
71154219,20.499593,0.36478644609451294,67.39946746826172,359.2699279785156
71174212,20.519586,0.39545077085494995,67.12026977539062,359.26751708984375
71194205,20.539579,0.39391788840293884,66.84112548828125,359.26800537109375
71214198,20.559572,0.34344810247421265,66.56137084960938,359.2707824707031
71234192,20.579566,0.2978053689002991,66.2811279296875,359.27606201171875
71254185,20.599559,0.31893837451934814,65.99951171875,359.2809143066406
71274178,20.619552,0.36946234107017517,65.71635437011719,359.2835693359375
71294172,20.639546,0.35758304595947266,65.43199920654297,359.2835693359375
71314165,20.659539,0.30466699600219727,65.14725494384766,359.2809143066406
71334158,20.679532,0.28824663162231445,64.86331939697266,359.27301025390625
71354151,20.699525,0.31318527460098267,64.57994842529297,359.2652282714844
71374145,20.719519,0.3068254888057709,64.29756927490234,359.2605285644531
71394138,20.739512,0.25305452942848206,64.01559448242188,359.25848388671875
71414131,20.759505,0.20482560992240906,63.73423385620117,359.26007080078125
71434124,20.779498,0.22310534119606018,63.45240020751953,359.26300048828125
71454118,20.799492,0.27170008420944214,63.1695671081543,359.2655334472656
71474111,20.819485,0.26099857687950134,62.885555267333984,359.2666931152344
71494104,20.839478,0.218157559633255,62.6005859375,359.2663269042969
71514098,20.859472,0.23110608756542206,62.31480407714844,359.2649230957031
71534091,20.879465,0.27292418479919434,62.02851486206055,359.2619934082031
71554084,20.899458,0.255420446395874,61.742671966552734,359.2565002441406
71574077,20.919451,0.20723271369934082,61.456974029541016,359.2509460449219
71594071,20.939445,0.2227514535188675,61.17184829711914,359.2465515136719
71614064,20.959438,0.2869868576526642,60.887882232666016,359.2439880371094
71634057,20.979431,0.2853579819202423,60.60457992553711,359.2415466308594
71654051,20.999425,0.22226636111736298,60.32217025756836,359.2373352050781
71674044,21.019418,0.2026064097881317,60.04032516479492,359.2323913574219
71694037,21.039411,0.2569805085659027,59.758460998535156,359.22894287109375
71714030,21.059404,0.3048191964626312,59.47580337524414,359.2243347167969
71734024,21.079398,0.2698978781700134,59.191768646240234,359.2188415527344
71754017,21.099391,0.20749972760677338,58.9054069519043,359.2146301269531
71774010,21.119384,0.2079944908618927,58.61835861206055,359.20819091796875
71794004,21.139378,0.2611468434333801,58.330230712890625,359.20465087890625
71813997,21.159371,0.2536497414112091,58.04151153564453,359.2012939453125
71833990,21.179364,0.18762007355690002,57.75333023071289,359.196044921875
71853983,21.199357,0.16338826715946198,57.46635437011719,359.1893005371094
71873977,21.219351,0.21065911650657654,57.18077087402344,359.1827392578125
71893970,21.239344,0.2519837021827698,56.896461486816406,359.1741638183594
71913963,21.259337,0.212863028049469,56.612735748291016,359.1637268066406
71933956,21.27933,0.14612247049808502,56.328369140625,359.1540832519531
71954949,21.300323,0.14757896959781647,56.02854919433594,359.14605712890625
71974943,21.320317,0.21723847091197968,55.74468994140625,359.1544494628906
71994936,21.34031,0.22735847532749176,55.45961380004883,359.16339111328125
72014929,21.360303,0.18020635843276978,55.17424011230469,359.1711120605469
72034923,21.380297,0.17364254593849182,54.888736724853516,359.177978515625
72054916,21.40029,0.23644979298114777,54.60325622558594,359.1853942871094
72074909,21.420283,0.2937805652618408,54.31778335571289,359.1911315917969
72094902,21.440276,0.27254632115364075,54.03190231323242,359.1953430175781
72114896,21.46027,0.22451619803905487,53.745086669921875,359.19976806640625
72134889,21.480263,0.23915258049964905,53.45729446411133,359.2055358886719
72154882,21.500256,0.30889225006103516,53.16965866088867,359.21337890625
72174876,21.52025,0.33805376291275024,52.88246536254883,359.2223815917969
72194869,21.540243,0.2975189685821533,52.59775161743164,359.2301330566406
72214862,21.560236,0.26053836941719055,52.31340408325195,359.2386169433594
72234855,21.580229,0.29827484488487244,52.02899169921875,359.24749755859375
72254849,21.600223,0.3617527186870575,51.74363708496094,359.2544860839844
72274842,21.620216,0.3623047471046448,51.457176208496094,359.25897216796875
72294835,21.640209,0.30824747681617737,51.17051696777344,359.2603454589844
72314828,21.660202,0.29278427362442017,50.88397979736328,359.2597961425781
72334822,21.680196,0.33908772468566895,50.59770202636719,359.260009765625
72354815,21.700189,0.36805111169815063,50.31212615966797,359.2607116699219
72374808,21.720182,0.32692721486091614,50.02620315551758,359.26153564453125
72394802,21.740176,0.2726137936115265,49.7391242980957,359.264404296875
72414795,21.760169,0.2960008382797241,49.454139709472656,359.2681579589844
72434788,21.780162,0.36733976006507874,49.16852569580078,359.27447509765625
72454781,21.800155,0.37523162364959717,48.88200378417969,359.2813720703125
72474775,21.820149,0.3082481622695923,48.59601974487305,359.28802490234375
72494768,21.840142,0.26441270112991333,48.31082534790039,359.29412841796875
72514761,21.860135,0.29718875885009766,48.02552032470703,359.2996826171875
72534755,21.880129,0.3548845946788788,47.738834381103516,359.3031921386719
72554748,21.900122,0.35329779982566833,47.450965881347656,359.3041076660156
72574741,21.920115,0.2937866449356079,47.16306686401367,359.3023376464844
72594734,21.940108,0.2566220462322235,46.875885009765625,359.2996826171875
72614728,21.960102,0.28608739376068115,46.58897399902344,359.29754638671875
72634721,21.980095,0.31975317001342773,46.306034088134766,359.29168701171875
72654714,22.000088,0.30342429876327515,46.02199935913086,359.2864685058594
72674708,22.020082,0.2570149600505829,45.73701477050781,359.2825927734375
72694701,22.040075,0.24948176741600037,45.45192337036133,359.280029296875
72714694,22.060068,0.29731494188308716,45.16725540161133,359.27984619140625
72734687,22.080061,0.3272179663181305,44.88343048095703,359.2808532714844
72754681,22.100055,0.29527533054351807,44.599796295166016,359.2821350097656
72774674,22.120048,0.2625022232532501,44.31599426269531,359.2848815917969
72794667,22.140041,0.29498279094696045,44.031455993652344,359.2886047363281
72814660,22.160034,0.35027170181274414,43.74547576904297,359.2913818359375
72834654,22.180028,0.34878212213516235,43.45808410644531,359.29217529296875
72854647,22.200021,0.2866111695766449,43.17524719238281,359.2873229980469
72874640,22.220014,0.24469172954559326,42.893009185791016,359.2813415527344
72894634,22.240008,0.2653444707393646,42.61096954345703,359.27490234375
72914627,22.260001,0.29374900460243225,42.328712463378906,359.2669677734375
72934620,22.279994,0.27392861247062683,42.045467376708984,359.2588806152344
72954613,22.299987,0.21984532475471497,41.761600494384766,359.2514343261719
72974607,22.319981,0.18850308656692505,41.478275299072266,359.2454528808594
72994600,22.339974,0.2123461663722992,41.195499420166016,359.2416076660156
73014593,22.359967,0.2299191951751709,40.9132194519043,359.239013671875
73034587,22.379961,0.2066764384508133,40.63025665283203,359.23760986328125
73054580,22.399954,0.1723238229751587,40.34678268432617,359.2371826171875
73074573,22.419947,0.16767296195030212,40.06697082519531,359.238525390625
73094566,22.43994,0.18280373513698578,39.7868766784668,359.2383728027344
73114560,22.459934,0.19212375581264496,39.5068244934082,359.237548828125
73134553,22.479927,0.18398115038871765,39.22642135620117,359.2371520996094
73154546,22.49992,0.17429664731025696,38.94619369506836,359.23651123046875
73174540,22.519914,0.16708458960056305,38.66593933105469,359.2353515625
73194533,22.539907,0.16193166375160217,38.385589599609375,359.23382568359375
73214526,22.5599,0.15811307728290558,38.104984283447266,359.23199462890625
73234519,22.579893,0.15523579716682434,37.823944091796875,359.22998046875
73254513,22.599887,0.15293987095355988,37.54219436645508,359.2279968261719
73274506,22.61988,0.1513044834136963,37.25977325439453,359.2261962890625
73294499,22.639873,0.14762048423290253,36.98347473144531,359.22314453125
73314492,22.659866,0.14434678852558136,36.706459045410156,359.220458984375
73334486,22.67986,0.14142146706581116,36.428890228271484,359.21807861328125
73354479,22.699853,0.1388624906539917,36.150814056396484,359.21612548828125
73374472,22.719846,0.13642024993896484,35.87250518798828,359.2144470214844
73394466,22.73984,0.1341852843761444,35.593902587890625,359.21295166015625
73414459,22.759833,0.1320319026708603,35.315223693847656,359.2114562988281
73434452,22.779826,0.12985989451408386,35.036521911621094,359.2099304199219
73454445,22.799819,0.12769345939159393,34.7577018737793,359.2083435058594
73474439,22.819813,0.12534330785274506,34.4788932800293,359.2064514160156
73494432,22.839806,0.12295512109994888,34.199951171875,359.2044677734375
73514425,22.859799,0.12548543512821198,33.92686462402344,359.2051696777344
73534419,22.879793,0.12794281542301178,33.653533935546875,359.2055358886719
73554412,22.899786,0.1302541196346283,33.37993621826172,359.205810546875
73574405,22.919779,0.13253453373908997,33.10586929321289,359.20599365234375
73594398,22.939772,0.13474053144454956,32.83125686645508,359.20623779296875
73614392,22.959766,0.13694538176059723,32.556156158447266,359.2064514160156
73634385,22.979759,0.13933749496936798,32.28050231933594,359.20684814453125
73654378,22.999752,0.14176045358181,32.0044059753418,359.20733642578125
73674372,23.019746,0.14426587522029877,31.727807998657227,359.2079772949219
73694365,23.039739,0.14681211113929749,31.450904846191406,359.20867919921875
73714358,23.059732,0.14940199255943298,31.173694610595703,359.20947265625
73734351,23.079725,0.15008920431137085,30.90298843383789,359.2093505859375
73754345,23.099719,0.15077778697013855,30.632099151611328,359.20916748046875
73774338,23.119712,0.15144182741641998,30.36097526550293,359.2090148925781
73794331,23.139705,0.15213699638843536,30.089628219604492,359.20880126953125
73814324,23.159698,0.15279699862003326,29.818063735961914,359.2085266113281
73834318,23.179692,0.15341483056545258,29.546253204345703,359.2081298828125
73854311,23.199685,0.15389259159564972,29.274192810058594,359.20770263671875
73874304,23.219678,0.15434475243091583,29.001882553100586,359.2071228027344
73894298,23.239672,0.1548665463924408,28.729232788085938,359.20654296875
73914291,23.259665,0.15530334413051605,28.456186294555664,359.20587158203125
73934284,23.279658,0.15572257339954376,28.182722091674805,359.2051696777344
73954277,23.299651,0.15625859797000885,27.915422439575195,359.2045593261719
73974271,23.319645,0.15676158666610718,27.647628784179688,359.20391845703125
73994264,23.339638,0.15740591287612915,27.379440307617188,359.2034606933594
74014257,23.359631,0.15803109109401703,27.110902786254883,359.2030029296875
74034251,23.379625,0.1585942953824997,26.841825485229492,359.2025451660156
74054244,23.399618,0.15925170481204987,26.572452545166016,359.20220947265625
74074237,23.419611,0.15993687510490417,26.302675247192383,359.201904296875
74094230,23.439604,0.16062764823436737,26.03253173828125,359.2016296386719
74114224,23.459598,0.16135655343532562,25.762062072753906,359.2013854980469
74134217,23.479591,0.16201919317245483,25.49132537841797,359.2010192871094
74154210,23.499584,0.16267605125904083,25.22040367126465,359.20068359375
74174204,23.519578,0.16344241797924042,24.956867218017578,359.2003173828125
74194197,23.539571,0.16418592631816864,24.693038940429688,359.19989013671875
74214190,23.559564,0.16496936976909637,24.42890167236328,359.1994934082031
74234183,23.579557,0.16572465002536774,24.164419174194336,359.19903564453125
74254177,23.599551,0.1664087176322937,23.89949607849121,359.198486328125
74274170,23.619544,0.16718408465385437,23.6342830657959,359.1980285644531
74294163,23.639537,0.16791050136089325,23.36861228942871,359.197509765625
74314156,23.65953,0.16860507428646088,23.102495193481445,359.19696044921875
74334150,23.679524,0.16932529211044312,22.836008071899414,359.1964111328125
74354143,23.699517,0.17006054520606995,22.569185256958008,359.1959228515625
74374136,23.71951,0.17076122760772705,22.30182456970215,359.1955261230469
74394130,23.739504,0.17101041972637177,22.041597366333008,359.1949462890625
74414123,23.759497,0.17118321359157562,21.781015396118164,359.1943054199219
74434116,23.77949,0.17131727933883667,21.5200252532959,359.19378662109375
74454109,23.799483,0.17156030237674713,21.258705139160156,359.1932067871094
74474103,23.819477,0.17179591953754425,20.99700355529785,359.19268798828125
74494096,23.83947,0.17201396822929382,20.734941482543945,359.1921691894531
74514089,23.859463,0.1722288578748703,20.472549438476562,359.1915588378906
74534083,23.879457,0.17245708405971527,20.20976448059082,359.1909484863281
74554076,23.89945,0.17263077199459076,19.946575164794922,359.1902770996094
74574069,23.919443,0.17281664907932281,19.683015823364258,359.18963623046875
74594062,23.939436,0.17301565408706665,19.41907501220703,359.1889343261719
74614056,23.95943,0.17379625141620636,19.16255760192871,359.1884460449219
74634049,23.979423,0.17455346882343292,18.905672073364258,359.18804931640625
74654042,23.999416,0.1753455102443695,18.648344039916992,359.1875305175781
74674036,24.01941,0.17607611417770386,18.390625,359.18701171875
74694029,24.039403,0.17680716514587402,18.13249397277832,359.1864318847656
74714022,24.059396,0.17766176164150238,17.87392234802246,359.1859436035156
74734015,24.079389,0.17839860916137695,17.61495018005371,359.1853942871094
74754009,24.099383,0.17917634546756744,17.3555908203125,359.1848449707031
74774002,24.119376,0.17998750507831573,17.0957088470459,359.1843566894531
74793995,24.139369,0.18073615431785583,16.835372924804688,359.1839294433594
74813988,24.159362,0.18152815103530884,16.574764251708984,359.1834716796875
74833982,24.179356,0.18253487348556519,16.32216453552246,359.1830139160156
74853975,24.199349,0.18349303305149078,16.069154739379883,359.18255615234375
74873968,24.219342,0.18447592854499817,15.815740585327148,359.18212890625
74893962,24.239336,0.18545347452163696,15.561955451965332,359.18170166015625
74913955,24.259329,0.18646764755249023,15.307718276977539,359.18121337890625
74934948,24.280322,0.18752692639827728,15.040336608886719,359.18072509765625
74954941,24.300315,0.18848128616809845,14.785307884216309,359.1802978515625
74974934,24.320308,0.18947407603263855,14.529828071594238,359.1797790527344
74994928,24.340302,0.18693724274635315,14.274075508117676,359.1791687011719
75014921,24.360295,0.17814584076404572,14.01841926574707,359.17822265625
75034914,24.380288,0.18340371549129486,13.77155876159668,359.1778259277344
75054907,24.400281,0.1973658800125122,13.524740219116211,359.1778564453125
75074901,24.420275,0.19329577684402466,13.277935981750488,359.177490234375
75094894,24.440268,0.1702130287885666,13.031256675720215,359.17718505859375
75114887,24.460261,0.16539771854877472,12.784175872802734,359.17724609375
75134881,24.480255,0.18554633855819702,12.536812782287598,359.1772766113281
75154874,24.500248,0.19952456653118134,12.289139747619629,359.1771240234375
75174867,24.520241,0.18269680440425873,12.04080867767334,359.17681884765625
75194860,24.540234,0.15109220147132874,11.791573524475098,359.17633056640625
75214854,24.560228,0.1498512327671051,11.541358947753906,359.17572021484375
75234847,24.580221,0.16820771992206573,11.290064811706543,359.17486572265625
75254840,24.600214,0.16182929277420044,11.046309471130371,359.1741027832031
75274834,24.620208,0.13560061156749725,10.801295280456543,359.1733703613281
75294827,24.640201,0.12824739515781403,10.554902076721191,359.173095703125
75314820,24.660194,0.14602583646774292,10.307732582092285,359.1728515625
75334813,24.680187,0.158794105052948,10.059948921203613,359.17254638671875
75354807,24.700181,0.14252831041812897,9.81187915802002,359.17218017578125
75374800,24.720174,0.11213039606809616,9.563695907592773,359.171875
75394793,24.740167,0.11440559476613998,9.315593719482422,359.1716003417969
75414787,24.760161,0.14849622547626495,9.068032264709473,359.1718444824219
75434780,24.780154,0.15970027446746826,8.821003913879395,359.17242431640625
75454773,24.800147,0.1237059012055397,8.574109077453613,359.1731872558594
75474766,24.82014,0.08349408209323883,8.336320877075195,359.1736145019531
75494760,24.840134,0.08952167630195618,8.09863567352295,359.1741638183594
75514753,24.860127,0.12455448508262634,7.860673904418945,359.1748046875
75534746,24.88012,0.12327562272548676,7.621877670288086,359.17498779296875
75554739,24.900113,0.06889346987009048,7.38242244720459,359.1750183105469
75574733,24.920107,0.03684595972299576,7.142549991607666,359.1745910644531
75594726,24.9401,0.08889984339475632,6.901775360107422,359.173828125
75614719,24.960093,0.15182280540466309,6.659891605377197,359.17266845703125
75634713,24.980087,0.1217164695262909,6.416714191436768,359.17071533203125
75654706,25.00008,0.042946647852659225,6.17212438583374,359.1682434082031
75674699,25.020073,0.05254987254738808,5.926913738250732,359.1655578613281
75694692,25.040066,0.14513331651687622,5.691564083099365,359.1623229980469
75714686,25.06006,0.17152369022369385,5.455618858337402,359.1589050292969
75734679,25.080053,0.06755605340003967,5.2191877365112305,359.1557922363281
75754672,25.100046,-0.011752554215490818,4.982292652130127,359.1537170410156
75774666,25.12004,0.07223955541849136,4.745543003082275,359.1524658203125
75794659,25.140033,0.21325422823429108,4.5091872215271,359.1517333984375
75814652,25.160026,0.18544618785381317,4.272703647613525,359.1513366699219
75834645,25.180019,0.017079832032322884,4.036109447479248,359.15118408203125
75854639,25.200013,-0.022583160549402237,3.7989351749420166,359.1515197753906
75874632,25.220006,0.1569172590970993,3.562253475189209,359.1519775390625
75894625,25.239999,0.27432382106781006,3.325282573699951,359.1522521972656
75914619,25.259993,0.09540725499391556,3.0949857234954834,359.1525573730469
75934612,25.279986,-0.1323765218257904,2.863715887069702,359.1528625488281
75954605,25.299979,-0.01272315438836813,2.6326444149017334,359.1538391113281
75974598,25.319972,0.32462066411972046,2.401899576187134,359.1546325683594
75994592,25.339966,0.30602967739105225,2.1699769496917725,359.1542663574219
76014585,25.359959,-0.15151621401309967,1.9362225532531738,359.1528625488281
76034578,25.379952,-0.3315504193305969,1.7017713785171509,359.1523132324219
76054571,25.399945,0.18845833837985992,1.4685380458831787,359.1527404785156
76074565,25.419939,0.6251785159111023,1.2346417903900146,359.1522521972656
76094558,25.439932,0.08223263174295425,0.9981997609138489,359.150146484375
76114551,25.459925,-0.7486860752105713,0.7601855397224426,359.1484069824219
76134545,25.479919,-0.3457030653953552,0.535692036151886,359.1473693847656
76154538,25.499912,0.9688448905944824,0.3137401044368744,359.14727783203125
76174531,25.519905,0.9214531779289246,0.08872341364622116,359.14434814453125
76194524,25.539898,-0.9872822165489197,-0.14100679755210876,359.1385803222656
76214518,25.559892,-1.6971267461776733,-0.36925050616264343,359.13568115234375
76234511,25.579885,0.7988645434379578,-0.5905435085296631,359.1380920410156
76254504,25.599878,3.095961809158325,-0.8094540238380432,359.14111328125
76274498,25.619872,0.6184876561164856,-1.0363596677780151,359.13848876953125
76294491,25.639865,-4.633482456207275,-1.2798150777816772,359.1308288574219
76314484,25.659858,-5.019924163818359,-1.5281707048416138,359.1195068359375
76334477,25.679851,2.8972837924957275,-1.7802010774612427,359.1106872558594
76354471,25.699845,10.915011405944824,-2.6627886295318604,359.0694580078125
76374464,25.719838,11.454543113708496,-3.5195350646972656,358.98638916015625
76394457,25.739831,5.442603588104248,-4.412111759185791,358.9255065917969
76414451,25.759825,0.8182380199432373,-5.309318542480469,358.9224548339844
76434444,25.779818,1.58162522315979,-6.188137054443359,358.9492492675781
76454437,25.799811,4.449713230133057,-7.069367408752441,358.9578857421875
76474430,25.819804,5.518047332763672,-7.947109222412109,358.9383544921875
76494424,25.839798,4.433478355407715,-8.83174991607666,358.912841796875
76514417,25.859791,2.986325263977051,-9.721429824829102,358.9004211425781
76534410,25.879784,2.274416208267212,-10.609450340270996,358.90142822265625
76554403,25.899777,2.1441099643707275,-11.496857643127441,358.90814208984375
76574397,25.919771,2.0974793434143066,-11.834451675415039,358.9044494628906
76594390,25.939764,1.8757777214050293,-12.173576354980469,358.900634765625
76614383,25.959757,1.5405192375183105,-12.514388084411621,358.8976745605469
76634377,25.979751,1.2307286262512207,-12.855908393859863,358.8966064453125
76654370,25.999744,0.9997959136962891,-13.197540283203125,358.8975830078125
76674363,26.019737,0.8394438624382019,-13.53901195526123,358.900634765625
76694356,26.03973,0.7327571511268616,-13.88006591796875,358.9056701660156
76714350,26.059724,0.6658720374107361,-14.220654487609863,358.912353515625
76734343,26.079717,0.6281808018684387,-14.56071949005127,358.92059326171875
76754336,26.09971,0.6146814823150635,-14.900101661682129,358.929931640625
76774330,26.119704,0.6295979022979736,-15.238675117492676,358.93975830078125
76794323,26.139697,0.6634238958358765,-15.550615310668945,358.9484558105469
76814316,26.15969,0.7226013541221619,-15.861730575561523,358.95733642578125
76834309,26.179683,0.7986235022544861,-16.172470092773438,358.9658508300781
76854303,26.199677,0.8771671056747437,-16.483562469482422,358.973388671875
76874296,26.21967,0.950252890586853,-16.79500389099121,358.9794921875
76894289,26.239663,1.0245165824890137,-17.106849670410156,358.984375
76914283,26.259657,1.0966956615447998,-17.419448852539062,358.98809814453125
76934276,26.27965,1.1500180959701538,-17.733173370361328,358.9908142089844
76954269,26.299643,1.1797455549240112,-18.0487060546875,358.9930419921875
76974262,26.319636,1.199079990386963,-18.365880966186523,358.9947814941406
76994256,26.33963,1.2199904918670654,-18.684356689453125,358.9964904785156
77014249,26.359623,1.2438077926635742,-18.862430572509766,358.9992980957031
77034242,26.379616,1.2497414350509644,-19.041698455810547,359.0016784667969
77054235,26.399609,1.2329521179199219,-19.221851348876953,359.0041198730469
77074229,26.419603,1.2038055658340454,-19.40243911743164,359.0072326660156
77094222,26.439596,1.1669749021530151,-19.58335304260254,359.0111389160156
77114215,26.459589,1.1246657371520996,-19.764423370361328,359.015869140625
77134209,26.479583,1.0781910419464111,-19.945947647094727,359.0213928222656
77154202,26.499576,1.0286164283752441,-20.127721786499023,359.0277099609375
77174195,26.519569,0.9766597747802734,-20.30998992919922,359.03472900390625
77194188,26.539562,0.922946572303772,-20.49264907836914,359.0421447753906
77214182,26.559556,0.8703505396842957,-20.675819396972656,359.0499572753906
77234175,26.579549,0.8326069116592407,-20.84608268737793,359.056640625
77254168,26.599542,0.8118132948875427,-21.016124725341797,359.0633544921875
77274162,26.619536,0.8040916323661804,-21.186100006103516,359.06976318359375
77294155,26.639529,0.7994285821914673,-21.355791091918945,359.0752868652344
77314148,26.659522,0.7950341105461121,-21.52532196044922,359.0799255371094
77334141,26.679515,0.7909270524978638,-21.695079803466797,359.0836181640625
77354135,26.699509,0.7845960855484009,-21.865108489990234,359.0864562988281
77374128,26.719502,0.7695578932762146,-22.03550148010254,359.0889892578125
77394121,26.739495,0.7458389401435852,-22.206562042236328,359.0913391113281
77414115,26.759489,0.7174986600875854,-22.378280639648438,359.0937194824219
77434108,26.779482,0.6925193667411804,-22.55076026916504,359.0965270996094
77454101,26.799475,0.6691997051239014,-22.71271324157715,359.10198974609375
77474094,26.819468,0.6580855250358582,-22.875301361083984,359.10784912109375
77494088,26.839462,0.6538214087486267,-23.03874969482422,359.11395263671875
77514081,26.859455,0.6387864947319031,-23.202999114990234,359.1203918457031
77534074,26.879448,0.6093243360519409,-23.367984771728516,359.1274108886719
77554067,26.899441,0.5824794173240662,-23.533594131469727,359.1343688964844
77574061,26.919435,0.5680452585220337,-23.69976806640625,359.1414489746094
77594054,26.939428,0.5609146356582642,-23.866485595703125,359.14862060546875
77614047,26.959421,0.5440402030944824,-24.033802032470703,359.15582275390625
77634041,26.979415,0.5156185626983643,-24.201499938964844,359.162841796875
77654034,26.999408,0.498346745967865,-24.369199752807617,359.1699523925781
77674027,27.019401,0.4994654953479767,-24.52826499938965,359.1767272949219
77694020,27.039394,0.4959903955459595,-24.687162399291992,359.1833190917969
77714014,27.059388,0.46947047114372253,-24.845947265625,359.18994140625
77734007,27.079381,0.443509042263031,-25.00462532043457,359.1966857910156
77754000,27.099374,0.4516935646533966,-25.16324806213379,359.2035827636719
77773994,27.119368,0.47024697065353394,-25.32179069519043,359.21051025390625
77793987,27.139361,0.43479758501052856,-25.480697631835938,359.21722412109375
77813980,27.159354,0.36561328172683716,-25.640085220336914,359.223876953125
77833973,27.179347,0.3863025903701782,-25.799732208251953,359.2308044433594
77853967,27.199341,0.5041558146476746,-25.959552764892578,359.2380065917969
77873960,27.219334,0.455939918756485,-26.119766235351562,359.2451477050781
77893953,27.239327,0.1580953449010849,-26.273639678955078,359.2520751953125
77914946,27.26032,0.21190671622753143,-26.434667587280273,359.260009765625
77934939,27.280313,0.9462677836418152,-26.588428497314453,359.2695007324219
77954933,27.300307,0.8087908029556274,-26.742191314697266,359.2779846191406
77974926,27.3203,-1.2879925966262817,-26.916156768798828,359.2801818847656
77994919,27.340293,-2.070662260055542,-27.076995849609375,359.2802429199219
78014913,27.360287,2.0005393028259277,-27.290992736816406,359.2844543457031
78034906,27.38028,7.41754150390625,-27.54606056213379,359.2985534667969
78054899,27.400273,8.20675277709961,-27.695581436157227,359.3221740722656
78074892,27.420266,2.24422550201416,-27.978517532348633,359.334228515625
78094886,27.44026,-4.218498229980469,-28.165124893188477,359.333984375
78114879,27.460253,-4.769229888916016,-28.212474822998047,359.30963134765625
78134872,27.480246,1.6010825634002686,-28.39875030517578,359.298583984375
78154866,27.50024,8.545636177062988,-28.600433349609375,359.3275451660156
78174859,27.520233,9.69190788269043,-28.619047164916992,359.3910217285156
78194852,27.540226,3.872898578643799,-28.758684158325195,359.44354248046875
78214845,27.560219,-2.5862536430358887,-28.939571380615234,359.46331787109375
78234839,27.580213,-3.3509669303894043,-28.979049682617188,359.45916748046875
78254832,27.600206,2.6546974182128906,-29.143619537353516,359.46630859375
78274825,27.620199,9.28986644744873,-29.326147079467773,359.51104736328125
78294819,27.640193,10.30951976776123,-29.338071823120117,359.587890625
78314812,27.660186,4.521256446838379,-29.701011657714844,359.62408447265625
78334805,27.680179,-1.917372703552246,-30.107728958129883,359.65234375
78354798,27.700172,-2.965580463409424,-30.372671127319336,359.6754150390625
78374792,27.720166,1.99131441116333,-30.718746185302734,359.703857421875
78394785,27.740159,6.95781135559082,-31.05342674255371,359.7392272949219
78414778,27.760152,6.511046886444092,-31.28755760192871,359.7785339355469
78434771,27.780145,1.1171565055847168,-31.642454147338867,359.8073425292969
78454765,27.800139,-3.2978711128234863,-31.973596572875977,359.8272705078125
78474758,27.820132,-2.1049349308013916,-32.240394592285156,359.8432922363281
78494751,27.840125,2.9751784801483154,-32.59482955932617,359.863037109375
78514745,27.860119,6.139969348907471,-32.87881851196289,359.8868713378906
78534738,27.880112,3.773829460144043,-33.311031341552734,359.944091796875
78554731,27.900105,-0.9585446119308472,-33.81490707397461,0.008460011333227158
78574724,27.920098,-2.5825963020324707,-34.2438850402832,0.08520027250051498
78594718,27.940092,0.8373084664344788,-34.70512008666992,0.17101433873176575
78614711,27.960085,4.895578861236572,-35.182167053222656,0.24873153865337372
78634704,27.980078,4.809286117553711,-35.59124755859375,0.3164995610713959
78654698,28.000072,0.5374971628189087,-36.08254623413086,0.38077351450920105
78674691,28.020065,-2.7412850856781006,-36.54813003540039,0.4584038555622101
78694684,28.040058,-1.167612075805664,-36.97849655151367,0.5494806170463562
78714677,28.060051,3.3699140548706055,-37.47811508178711,0.6413528919219971
78734671,28.080045,5.4299468994140625,-37.90221405029297,0.7279512286186218
78754664,28.100038,2.3841471672058105,-38.18794631958008,0.7643334269523621
78774657,28.120031,-2.1699867248535156,-38.52970504760742,0.7992167472839355
78794651,28.140025,-3.018465518951416,-38.79164505004883,0.8357723951339722
78814644,28.160018,1.1338950395584106,-39.11549758911133,0.8811487555503845
78834637,28.180011,5.10768461227417,-39.42433166503906,0.9311662316322327
78854630,28.200004,4.04187536239624,-39.66748809814453,0.9810938835144043
78874624,28.219998,-1.5173184871673584,-40.048736572265625,1.0193109512329102
78894617,28.239991,-5.943252086639404,-40.3969612121582,1.0470987558364868
78914610,28.259984,-4.692287445068359,-40.67502212524414,1.0683475732803345
78934603,28.279977,0.949386715888977,-41.070499420166016,1.0920339822769165
78954597,28.299971,5.336359977722168,-41.395851135253906,1.1221829652786255
78974590,28.319964,3.956206798553467,-41.457515716552734,1.1854158639907837
78994583,28.339957,-1.915370225906372,-41.66829299926758,1.2303420305252075
79014577,28.359951,-6.642707347869873,-41.84113693237305,1.2455729246139526
79034570,28.379944,-5.52886438369751,-41.93095397949219,1.2428078651428223
79054563,28.399937,0.6710494160652161,-42.17539978027344,1.2501803636550903
79074556,28.41993,6.5612077713012695,-42.38764572143555,1.2958647012710571
79094550,28.439924,6.933352470397949,-42.43962097167969,1.377059817314148
79114543,28.459917,1.3179805278778076,-42.64094543457031,1.449982762336731
79134536,28.47991,-4.908505439758301,-42.887027740478516,1.4939947128295898
79154530,28.499904,-6.208247661590576,-42.984947204589844,1.5118790864944458
79174523,28.519897,-1.692095398902893,-43.166378021240234,1.530399203300476
79194516,28.53989,3.612469434738159,-43.264041900634766,1.568535566329956
79214509,28.559883,4.179586887359619,-43.223567962646484,1.6449860334396362
79234503,28.579877,-0.9872291088104248,-43.30453109741211,1.7123141288757324
79254496,28.59987,-6.694571018218994,-43.417930603027344,1.73910391330719
79274489,28.619863,-7.530050754547119,-43.400123596191406,1.7292184829711914
79294483,28.639857,-2.770326614379883,-43.47981643676758,1.7202719449996948
79314476,28.65985,2.7268083095550537,-43.571319580078125,1.7486692667007446
79334469,28.679843,3.5397841930389404,-43.51765823364258,1.818800687789917
79354462,28.699836,-1.29020357131958,-43.57373809814453,1.883912444114685
79374456,28.71983,-6.707266330718994,-43.666351318359375,1.9126970767974854
79394449,28.739823,-7.3738017082214355,-43.64470291137695,1.9078665971755981
79414442,28.759816,-2.567556858062744,-43.86648941040039,1.9011130332946777
79434435,28.779809,2.9673731327056885,-44.10224533081055,1.9163849353790283
79454429,28.799803,3.8894176483154297,-44.19501495361328,1.9605520963668823
79474422,28.819796,-0.6822368502616882,-44.389652252197266,2.0022356510162354
79494415,28.839789,-5.8893141746521,-44.620880126953125,2.0233359336853027
79514409,28.859783,-6.464062690734863,-44.7457275390625,2.023852825164795
79534402,28.879776,-1.7337013483047485,-44.9744987487793,2.0233688354492188
79554395,28.899769,3.717466115951538,-45.21410369873047,2.044217348098755
79574388,28.919762,4.680710792541504,-45.312686920166016,2.094101905822754
79594382,28.939756,0.21058109402656555,-45.508602142333984,2.1412527561187744
79614375,28.959749,-4.870020866394043,-45.737030029296875,2.1674435138702393
79634368,28.979742,-5.348592758178711,-45.53437042236328,2.136050224304199
79654362,28.999736,-0.6179469227790833,-45.43514633178711,2.109184503555298
79674355,29.019729,4.796557426452637,-45.34571075439453,2.142974853515625
79694348,29.039722,5.7734246253967285,-45.117225646972656,2.2408316135406494
79714341,29.059715,1.4200433492660522,-44.97933578491211,2.3329296112060547
79734335,29.079709,-3.5387914180755615,-44.87200927734375,2.367368459701538
79754328,29.099702,-3.9871292114257812,-44.666500091552734,2.3496758937835693
79774321,29.119695,0.6688025593757629,-44.563560485839844,2.3359901905059814
79794315,29.139689,6.015567302703857,-44.4715576171875,2.381880760192871
79814308,29.159682,6.993058204650879,-44.24503707885742,2.4906527996063232
79834301,29.179675,2.74385666847229,-44.10538101196289,2.5935463905334473
79854294,29.199668,-2.1398322582244873,-44.04550552368164,2.614130973815918
79874288,29.219662,-2.592585802078247,-43.89053726196289,2.5883712768554688
79894281,29.239655,1.9616793394088745,-43.83348083496094,2.565207004547119
79914274,29.259648,7.211009502410889,-43.78468704223633,2.594676971435547
79934267,29.279641,8.165200233459473,-43.605186462402344,2.681685209274292
79954261,29.299635,3.9684293270111084,-43.512447357177734,2.7644073963165283
79974254,29.319628,-0.8423907160758972,-43.44866180419922,2.798861265182495
79994247,29.339621,-1.307929515838623,-43.29277420043945,2.7890872955322266
80014241,29.359615,3.1561434268951416,-43.232791900634766,2.781376361846924
80034234,29.379608,8.324813842773438,-43.18167495727539,2.8247880935668945
80054227,29.399601,9.257950782775879,-43.00390625,2.924591064453125
80074220,29.419594,5.164250373840332,-43.11680221557617,2.9810879230499268
80094214,29.439588,0.4123702347278595,-43.2587776184082,3.010668992996216
80114207,29.459581,-0.041347112506628036,-43.31045913696289,3.013787031173706
80134200,29.479574,4.348085880279541,-43.45574951171875,3.0138351917266846
80154194,29.499568,9.432402610778809,-43.60734939575195,3.041501045227051
80174187,29.519561,10.379093170166016,-43.63615798950195,3.10585880279541
80194180,29.539554,6.337224960327148,-43.747920989990234,3.167062997817993
80214173,29.559547,1.6168245077133179,-43.888267517089844,3.201406955718994
80234167,29.579541,1.0838024616241455,-43.939388275146484,3.2091240882873535
80254160,29.599534,5.328280448913574,-44.078861236572266,3.213102340698242
80274153,29.619527,10.294426918029785,-44.224891662597656,3.2448391914367676
80294147,29.639521,11.132528305053711,-43.92224884033203,3.3492133617401123
80314140,29.659514,7.062765121459961,-43.70355987548828,3.4464991092681885
80334133,29.679507,2.304276704788208,-43.51362228393555,3.4831275939941406
80354126,29.6995,1.6796709299087524,-43.232913970947266,3.464116096496582
80374120,29.719494,5.805615425109863,-43.035770416259766,3.4454286098480225
80394113,29.739487,10.627793312072754,-42.844093322753906,3.4865074157714844
80414106,29.75948,11.408010482788086,-42.540714263916016,3.591822624206543
80434099,29.779473,7.343544006347656,-42.322017669677734,3.688746452331543
80454093,29.799467,2.588348865509033,-42.131446838378906,3.725916624069214
80474086,29.81946,1.9097156524658203,-41.85075759887695,3.7082183361053467
80494079,29.839453,5.913333892822266,-41.64936065673828,3.6898467540740967
80514073,29.859447,10.636539459228516,-41.57261657714844,3.7520856857299805
80534066,29.87944,11.385734558105469,-41.38885498046875,3.866581916809082
80554059,29.899433,7.3563055992126465,-41.287864685058594,3.9751336574554443
80574052,29.919426,2.630059242248535,-41.21170425415039,4.037746906280518
80594046,29.93942,1.938870906829834,-41.045936584472656,4.056994915008545
80614039,29.959413,5.861526966094971,-40.95865249633789,4.074066638946533
80634032,29.979406,10.51954460144043,-40.87722396850586,4.135208606719971
80654026,29.9994,11.240921974182129,-40.69139862060547,4.248176574707031
80674019,30.019393,7.255735874176025,-40.58723449707031,4.3559441566467285
80694012,30.039386,2.5697455406188965,-40.50739288330078,4.418582439422607
80714005,30.059379,1.8639371395111084,-40.34001159667969,4.4389848709106445
80733999,30.079373,5.737531661987305,-40.497154235839844,4.466367244720459
80753992,30.099366,10.333175659179688,-40.6573371887207,4.514540195465088
80773985,30.119359,11.086459159851074,-40.715667724609375,4.594850540161133
80793979,30.139353,7.184773921966553,-40.854732513427734,4.674622058868408
80813972,30.159346,2.547163724899292,-41.018795013427734,4.732820987701416
80833965,30.179339,1.8262029886245728,-41.097145080566406,4.76818323135376
80853958,30.199332,5.627623081207275,-41.25152587890625,4.7979254722595215
80873952,30.219326,10.17621898651123,-41.409358978271484,4.847276210784912
80894945,30.240319,10.78878402709961,-41.469417572021484,4.9328460693359375
80914938,30.260312,6.660796165466309,-41.6185302734375,5.011942386627197
80934931,30.280305,1.8857247829437256,-41.56492614746094,5.074886322021484
80954924,30.300298,1.1126853227615356,-41.420616149902344,5.093334674835205
80974918,30.320292,4.840425968170166,-41.34991455078125,5.1082024574279785
80994911,30.340285,9.321887016296387,-41.28168869018555,5.16187858581543
81014904,30.360278,10.017269134521484,-41.11415481567383,5.264954090118408
81034898,30.380272,6.1393351554870605,-41.02582550048828,5.365455150604248
81054891,30.400265,1.5876538753509521,-40.95744705200195,5.4240264892578125
81074884,30.420258,0.9384316802024841,-40.805152893066406,5.443115711212158
81094877,30.440251,4.731599807739258,-40.73018264770508,5.461551189422607
81114871,30.460245,9.256589889526367,-40.65793991088867,5.521110534667969
81134864,30.480238,9.988992691040039,-40.4864501953125,5.632307052612305
81154857,30.500231,6.229503154754639,-40.60169982910156,5.704721450805664
81174850,30.520224,1.7734044790267944,-40.73828125,5.755683898925781
81194844,30.540218,1.1757996082305908,-40.7958984375,5.784296989440918
81214837,30.560211,4.971988201141357,-40.93197250366211,5.808815956115723
81234830,30.580204,9.496207237243652,-41.06835174560547,5.853743076324463
81254824,30.600198,10.279706954956055,-41.10511779785156,5.933159828186035
81274817,30.620191,6.554416656494141,-41.21910858154297,6.014147758483887
81294810,30.640184,2.122779607772827,-41.354156494140625,6.071957111358643
81314803,30.660177,1.5362101793289185,-41.41093063354492,6.105349063873291
81334797,30.680171,5.298648834228516,-41.545902252197266,6.13301420211792
81354790,30.700164,9.79419231414795,-41.68080520629883,6.179295063018799
81374783,30.720157,10.568995475769043,-41.403045654296875,6.257579326629639
81394777,30.740151,6.87260627746582,-41.20246887207031,6.33264684677124
81414770,30.760144,2.481332778930664,-41.0236930847168,6.354693412780762
81434763,30.780137,1.9255532026290894,-40.76787567138672,6.32790994644165
81454756,30.80013,5.69572639465332,-40.58843231201172,6.299673080444336
81474750,30.820124,10.182297706604004,-40.40620040893555,6.317770004272461
81494743,30.840117,10.945033073425293,-40.12592697143555,6.393529891967773
81514736,30.86011,7.255533695220947,-39.922462463378906,6.466553688049316
81534730,30.880104,2.878875255584717,-39.73910140991211,6.488290786743164
81554723,30.900097,2.2969815731048584,-39.479469299316406,6.463130474090576
81574716,30.92009,6.041642189025879,-39.295658111572266,6.436987400054932
81594709,30.940083,10.51187801361084,-39.21501541137695,6.469293117523193
81614703,30.960077,11.296882629394531,-39.038330078125,6.551469802856445
81634696,30.98007,7.644947528839111,-38.9368896484375,6.633408546447754
81654689,31.000063,3.2603049278259277,-38.855133056640625,6.674875259399414
81674682,31.020056,2.6363439559936523,-38.696781158447266,6.677853107452393
81694676,31.04005,6.321689128875732,-38.61336135864258,6.678044319152832
81714669,31.060043,10.735749244689941,-38.5273551940918,6.714279651641846
81734662,31.080036,11.4812650680542,-38.347755432128906,6.799707412719727
81754656,31.10003,7.801098346710205,-38.24494552612305,6.8847737312316895
81774649,31.120023,3.396660327911377,-38.161502838134766,6.928969383239746
81794642,31.140016,2.7518677711486816,-38.001731872558594,6.934038162231445
81814635,31.160009,6.371425628662109,-38.14097595214844,6.958451747894287
81834629,31.180003,10.719718933105469,-38.276126861572266,6.998203277587891
81854622,31.199996,11.42628002166748,-38.320037841796875,7.070187091827393
81874615,31.219989,7.736757278442383,-38.44196701049805,7.144275188446045
81894609,31.239983,3.3176848888397217,-38.58198928833008,7.196104049682617
81914602,31.259976,2.661395788192749,-38.64451217651367,7.223803997039795
81934595,31.279969,6.280465126037598,-38.78181838989258,7.244447231292725
81954588,31.299962,10.64035415649414,-38.91530227661133,7.28049898147583
81974582,31.319956,11.366929054260254,-38.95663833618164,7.349737167358398
81994575,31.339949,7.686738967895508,-39.07660675048828,7.422200679779053
82014568,31.359942,3.273042917251587,-39.21418380737305,7.472733497619629
82034562,31.379936,2.608473539352417,-38.983673095703125,7.502389430999756
82054555,31.399929,6.217263698577881,-38.828731536865234,7.529051303863525
82074548,31.419922,10.549752235412598,-38.67028045654297,7.595451831817627
82094541,31.439915,11.24739933013916,-38.420921325683594,7.715888500213623
82114535,31.459909,7.5536980628967285,-38.2484016418457,7.83603048324585
82134528,31.479902,3.1270933151245117,-38.091552734375,7.909223556518555
82154521,31.499895,2.4586286544799805,-37.856693267822266,7.938342571258545
82174514,31.519888,6.080377578735352,-37.69803237915039,7.96521520614624
82194508,31.539882,10.41703987121582,-37.53535079956055,8.031570434570312
82214501,31.559875,11.10929012298584,-37.282447814941406,8.151853561401367
82234494,31.579868,7.394441604614258,-37.1072883605957,8.272146224975586
82254488,31.599862,3.008928060531616,-37.03911590576172,8.311405181884766
82274481,31.619855,2.3824586868286133,-36.89588928222656,8.313652038574219
82294474,31.639848,6.038368225097656,-36.828861236572266,8.312104225158691
82314467,31.659841,10.422368049621582,-36.75534439086914,8.341148376464844
82334461,31.679835,11.172035217285156,-36.59001159667969,8.417667388916016
82354454,31.699828,7.516826629638672,-36.50220489501953,8.496195793151855
82374447,31.719821,3.140805721282959,-36.430015563964844,8.53614330291748
82394441,31.739815,2.5431644916534424,-36.28308868408203,8.539115905761719
82414434,31.759808,6.224963665008545,-36.21320343017578,8.538701057434082
82434427,31.779801,10.616540908813477,-36.13584518432617,8.568760871887207
82454420,31.799794,11.338452339172363,-35.96696090698242,8.646411895751953
82474414,31.819788,7.691249370574951,-36.06962966918945,8.70689582824707
82494407,31.839781,3.321399211883545,-36.18779754638672,8.744488716125488
82514400,31.859774,2.7195870876312256,-36.23212814331055,8.75805950164795
82534394,31.879768,6.4060845375061035,-36.35490798950195,8.764412879943848
82554387,31.899761,10.817525863647461,-36.469425201416016,8.785414695739746
82574380,31.919754,11.595903396606445,-36.4916877746582,8.841531753540039
82594373,31.939747,7.9453125,-36.593021392822266,8.903576850891113
82614367,31.959741,3.547297716140747,-36.710086822509766,8.943177223205566
82634360,31.979734,2.921489953994751,-36.7513427734375,8.958085060119629
82654353,31.999727,6.601104736328125,-36.871360778808594,8.965574264526367
82674346,32.01972,11.018004417419434,-36.98335647583008,8.987244606018066
82694340,32.039714,11.795326232910156,-36.733909606933594,9.02826976776123
82714333,32.059707,8.143529891967773,-36.56542205810547,9.071194648742676
82734326,32.0797,3.7550153732299805,-36.414608001708984,9.068151473999023
82754320,32.099694,3.1747164726257324,-36.18843078613281,9.021594047546387
82774313,32.119687,6.910919666290283,-36.04001235961914,8.971829414367676
82794306,32.13968,11.372236251831055,-35.879722595214844,8.958707809448242
82814299,32.159673,12.127582550048828,-35.62516784667969,8.9998779296875
82834293,32.179667,8.44932746887207,-35.45211410522461,9.042567253112793
82854286,32.19966,4.033565521240234,-35.29636001586914,9.039408683776855
82874279,32.219653,3.4552834033966064,-35.065589904785156,8.993041038513184
82894273,32.239647,7.212129592895508,-34.913246154785156,8.94337272644043
82914266,32.25964,11.669788360595703,-34.8363037109375,8.951567649841309
82934259,32.279633,12.433772087097168,-34.666778564453125,9.007858276367188
82954252,32.299626,8.734318733215332,-34.57881546020508,9.067510604858398
82974246,32.31962,4.27782678604126,-34.50648880004883,9.088905334472656
82994239,32.339613,3.663878917694092,-34.35806655883789,9.073140144348145
83014232,32.359606,7.4001288414001465,-34.28901290893555,9.052048683166504
83034226,32.3796,11.895675659179688,-34.20946502685547,9.058903694152832
83054219,32.399593,13.473511695861816,-34.02782440185547,9.102169036865234
83074212,32.419586,11.885855674743652,-33.83293914794922,9.164466857910156
83094205,32.439579,7.684642791748047,-33.69020080566406,9.22167682647705
83114199,32.459573,1.4289942979812622,-33.63116455078125,9.245904922485352
83134192,32.479566,-6.410519599914551,-33.48640823364258,9.209260940551758
83154185,32.499559,-15.499567985534668,-33.454898834228516,9.048938751220703
83174178,32.519552,-25.578989028930664,-33.55540084838867,8.7337064743042
83194172,32.539546,-36.44052505493164,-33.810638427734375,8.240960121154785
83214165,32.559539,-47.93578338623047,-34.24876403808594,7.55642557144165
83234158,32.579532,-59.946956634521484,-34.898834228515625,6.67863130569458
83254152,32.599526,-72.37947082519531,-35.78837966918945,5.619379043579102
83274145,32.619519,-85.15435791015625,-36.93915557861328,4.4052348136901855
83294138,32.639512,-98.20220947265625,-38.36287307739258,3.0765206813812256
83314131,32.659505,-111.4647445678711,-40.05776596069336,1.6922554969787598
83334125,32.679499,-124.9183349609375,-42.01102828979492,0.3211230933666229
83354118,32.699492,-139.09413146972656,-43.139896392822266,359.5218505859375
83374111,32.719485,-153.2959442138672,-44.43704605102539,358.5943908691406
83394105,32.739479,-167.52442932128906,-45.90998840332031,357.6035461425781
83414098,32.759472,178.2152862548828,-47.55030059814453,356.6331787109375
83434091,32.779465,163.88763427734375,-49.336273193359375,355.7786560058594
83454084,32.799458,149.42835998535156,-51.23389434814453,355.140625
83474078,32.819452,134.74684143066406,-53.19818115234375,354.8216247558594
83494071,32.839445,119.73807525634766,-55.172767639160156,354.92095947265625
83514064,32.859438,104.29244995117188,-57.091739654541016,355.5264587402344
83534058,32.879432,88.32083129882812,-58.88008499145508,356.6984558105469
83554051,32.899425,71.78514099121094,-60.45863723754883,358.44842529296875
83574044,32.919418,58.56580352783203,-61.19108200073242,357.49151611328125
83594037,32.939411,45.27914810180664,-62.04018783569336,356.5958557128906
83614031,32.959405,31.897668838500977,-62.984764099121094,355.80572509765625
83634024,32.979398,18.407676696777344,-63.99745559692383,355.1563415527344
83654017,32.999391,4.803187847137451,-65.04779815673828,354.66888427734375
83674010,33.019384,-8.915270805358887,-66.10494995117188,354.349853515625
83694004,33.039378,-22.74177360534668,-67.14039611816406,354.18896484375
83713997,33.059371,-36.66233444213867,-68.12937927246094,354.15838623046875
83733990,33.079364,-50.657257080078125,-69.05294036865234,354.2135009765625
83753984,33.099358,-64.69801330566406,-69.89904022216797,354.2956848144531
83773977,33.119351,-78.74238586425781,-70.66171264648438,354.3345031738281
83793970,33.139344,-93.98238372802734,-72.19416046142578,354.02667236328125
83813963,33.159337,-109.72001647949219,-73.61520385742188,354.1764831542969
83833957,33.179331,-125.95774841308594,-74.88970947265625,354.78961181640625
83854950,33.200324,-143.43087768554688,-76.06841278076172,355.8612976074219
83874943,33.220317,-160.4725799560547,-76.97754669189453,357.20751953125
83894936,33.24031,-177.6822052001953,-77.7066421508789,358.6893310546875
83914930,33.260304,165.13340759277344,-78.27433013916016,0.11506233364343643
83934923,33.280297,148.16017150878906,-78.71070861816406,1.3030227422714233
83954916,33.30029,131.5341033935547,-79.05233764648438,2.11910343170166
83974909,33.320283,115.32434844970703,-79.33723449707031,2.496927499771118
83994903,33.340277,100.94930267333984,-80.76274871826172,1.779943823814392
84014896,33.36027,84.99854278564453,-82.14134979248047,2.641169548034668
84034889,33.380263,66.59026336669922,-83.39936065673828,5.958430290222168
84054882,33.400256,44.664772033691406,-84.42662048339844,12.785016059875488
84074876,33.42025,18.784046173095703,-85.07740783691406,23.55143928527832
84094869,33.440243,-9.214673042297363,-85.2298812866211,36.41593551635742
84114862,33.460236,-35.51018524169922,-84.90145111083984,47.551673889160156
84134856,33.48023,-57.736629486083984,-84.25133514404297,54.58851623535156
84154849,33.500223,-76.00756072998047,-83.45892333984375,57.63880920410156
84174842,33.520216,-91.32209777832031,-82.65430450439453,57.69957733154297
84194835,33.540209,-104.56521606445312,-81.91970825195312,55.65546417236328
84214829,33.560203,-120.21017456054688,-82.09080505371094,55.551307678222656
84234822,33.580196,-135.3140106201172,-82.28048706054688,54.88732147216797
84254815,33.600189,-149.8524169921875,-82.50780487060547,53.637481689453125
84274809,33.620183,-163.8212127685547,-82.7880859375,51.7965202331543
84294802,33.640176,-177.2323760986328,-83.13166809082031,49.3779182434082
84314795,33.660169,169.90382385253906,-83.54429626464844,46.391456604003906
84334788,33.680162,157.57479858398438,-84.02633666992188,42.85055160522461
84354782,33.700156,145.78451538085938,-84.57360076904297,38.75125503540039
84374775,33.720149,134.55612182617188,-85.17809295654297,34.07306671142578
84394768,33.740142,123.94011688232422,-85.82842254638672,28.76584243774414
84414762,33.760136,114.04344940185547,-86.51091003417969,22.722963333129883
84434755,33.780129,99.1856689453125,-87.32898712158203,21.941688537597656
84454748,33.800122,81.25892639160156,-88.09124755859375,24.21347427368164
84474741,33.820115,55.64158248901367,-88.7453842163086,34.15902328491211
84494735,33.840109,11.894224166870117,-89.14453125,62.21564865112305
84514728,33.860102,-40.744834899902344,-89.06141662597656,99.14513397216797
84534721,33.880095,-73.40033721923828,-88.67366027832031,116.06987762451172
84554714,33.900088,-93.25027465820312,-88.23773956298828,120.16659545898438
84574708,33.920082,-107.85636901855469,-87.83914947509766,118.99523162841797
84594701,33.940075,-119.98206329345703,-87.504638671875,115.32025146484375
84614694,33.960068,-130.71148681640625,-87.24529266357422,110.22516632080078
84634688,33.980062,-140.51571655273438,-87.06621551513672,104.18075561523438
84654681,34.000055,-152.85606384277344,-87.18331909179688,100.51822662353516
84674674,34.020048,-164.86337280273438,-87.35861206054688,96.50141906738281
84694667,34.040041,-176.59927368164062,-87.5899429321289,92.19219207763672
84714661,34.060035,171.91468811035156,-87.87430572509766,87.61097717285156
84734654,34.080028,160.71697998046875,-88.20636749267578,82.7201919555664
84754647,34.100021,149.95457458496094,-88.57920837402344,77.37124633789062
84774641,34.120015,140.1180419921875,-88.9850845336914,71.0719223022461
84794634,34.140008,133.2650909423828,-89.41181945800781,61.765220642089844
84814627,34.160001,152.09458923339844,-89.82416534423828,26.7511043548584
84834620,34.179994,-102.06062316894531,-89.66022491455078,264.6967468261719
84854614,34.199988,-102.38892364501953,-89.23126983642578,248.78948974609375
84874607,34.219981,-109.57814025878906,-88.8388671875,239.7861785888672
84894600,34.239974,-119.32530975341797,-88.47632598876953,233.31695556640625
84914594,34.259968,-130.08700561523438,-88.1553726196289,227.83802795410156
84934587,34.279961,-141.3721923828125,-87.88483428955078,222.86044311523438
84954580,34.299954,-152.99624633789062,-87.67105865478516,218.1990966796875
84974573,34.319947,-164.8944549560547,-87.51831817626953,213.78929138183594
84994567,34.339941,-177.06431579589844,-87.42890930175781,209.62750244140625
85014560,34.359934,170.4765167236328,-87.40217590332031,205.7328338623047
85034553,34.379927,157.64947509765625,-87.43546295166016,202.18263244628906
85054546,34.39992,144.33746337890625,-87.52416229248047,199.0936737060547
85074540,34.419914,130.35726928710938,-87.6614990234375,196.64845275878906
85094533,34.439907,110.19835662841797,-87.83399200439453,200.3824920654297
85114526,34.4599,88.39035034179688,-87.95884704589844,205.74095153808594
85134520,34.479894,65.41156768798828,-88.01534271240234,212.2444305419922
85154513,34.499887,42.220130920410156,-87.99327087402344,218.935791015625
85174506,34.51988,19.868364334106445,-87.89717102050781,224.76171875
85194499,34.539873,-0.9910631775856018,-87.74552917480469,229.06912231445312
85214493,34.559867,-20.23242950439453,-87.56047821044922,231.7309112548828
85234486,34.57986,-38.047569274902344,-87.36373901367188,232.94032287597656
85254479,34.599853,-54.75749206542969,-87.17269897460938,233.01727294921875
85274473,34.619847,-70.67042541503906,-87.00127410888672,232.26943969726562
85294466,34.63984,-86.05110931396484,-86.85931396484375,230.9634552001953
85314459,34.659833,-99.68354797363281,-86.91624450683594,227.8312225341797
85334452,34.679826,-113.92000579833984,-87.02079010009766,225.27915954589844
85354446,34.69982,-128.98980712890625,-87.1659927368164,223.5363311767578
85374439,34.719813,-145.17776489257812,-87.34052276611328,222.8896026611328
85394432,34.739806,-162.8302459716797,-87.52851104736328,223.68463134765625
85414426,34.7598,177.71493530273438,-87.70722961425781,226.25816345214844
85434419,34.779793,156.27882385253906,-87.84886169433594,230.7901153564453
85454412,34.799786,133.1518096923828,-87.923583984375,236.9884033203125
85474405,34.819779,109.29046630859375,-87.9100570678711,243.89541625976562
85494399,34.839773,86.02061462402344,-87.80517578125,250.183837890625
85514392,34.859766,64.33840942382812,-87.62528228759766,254.85797119140625
85534385,34.879759,41.1040153503418,-87.34996032714844,261.1678161621094
85554378,34.899752,20.995201110839844,-87.0003662109375,264.3224182128906
85574372,34.919746,3.417922258377075,-86.62750244140625,264.9147033691406
85594365,34.939739,-12.332574844360352,-86.2690658569336,263.65087890625
85614358,34.959732,-26.822607040405273,-85.95145416259766,261.09674072265625
85634352,34.979726,-40.45457458496094,-85.6930160522461,257.654296875
85654345,34.999719,-53.5164680480957,-85.50642395019531,253.61402893066406
85674338,35.019712,-66.21987915039062,-85.40036010742188,249.1876983642578
85694331,35.039705,-78.73666381835938,-85.37982940673828,244.5481719970703
85714325,35.059699,-91.21479797363281,-85.44683837890625,239.8438262939453
85734318,35.079692,-103.806396484375,-85.60033416748047,235.2296142578125
85754311,35.099685,-115.55164337158203,-86.07135009765625,229.60348510742188
85774305,35.119679,-128.17733764648438,-86.61492919921875,224.83660888671875
85794298,35.139672,-142.37574768066406,-87.21244812011719,221.62277221679688
85814291,35.159665,-159.64620971679688,-87.834716796875,221.45941162109375
85834284,35.179658,176.46128845214844,-88.42230987548828,227.8953857421875
85854278,35.199652,138.8681640625,-88.82897186279297,248.00665283203125
85874271,35.219645,90.77532958984375,-88.79845428466797,278.5920715332031
85894264,35.239638,55.06965637207031,-88.35538482666016,296.761962890625
85914258,35.259632,32.158084869384766,-87.7544937133789,302.1064453125
85934251,35.279625,15.251376152038574,-87.12995910644531,301.4151306152344
85954244,35.299618,1.1471495628356934,-86.53823852539062,297.88873291015625
85974237,35.319611,-12.83590316772461,-85.945068359375,294.3871765136719
85994231,35.339605,-25.505712509155273,-85.42572784423828,289.53790283203125
86014224,35.359598,-37.38652420043945,-85.00086975097656,283.86737060546875
86034217,35.379591,-48.766334533691406,-84.68521881103516,277.66448974609375
86054210,35.399584,-59.821533203125,-84.48845672607422,271.10723876953125
86074204,35.419578,-70.67012786865234,-84.41667175292969,264.31500244140625
86094197,35.439571,-81.3967514038086,-84.47191619873047,257.3760681152344
86114190,35.459564,-92.080078125,-84.65308380126953,250.37005615234375
86134184,35.479558,-102.79500579833984,-84.9556884765625,243.37283325195312
86154177,35.499551,-113.63519287109375,-85.37220764160156,236.48101806640625
86174170,35.519544,-124.74226379394531,-85.89191436767578,229.83596801757812
86194163,35.539537,-134.2802276611328,-86.75948333740234,221.4160919189453
86214157,35.559531,-144.11172485351562,-87.69258880615234,213.2694854736328
86234150,35.579524,-154.9822235107422,-88.66895294189453,206.14073181152344
86254143,35.599517,-176.22360229492188,-89.65792846679688,209.35792541503906
86274137,35.619511,18.995664596557617,-89.32189178466797,356.0856018066406
86294130,35.639504,5.120750427246094,-88.35098266601562,351.8772888183594
86314123,35.659497,-5.180177211761475,-87.42442321777344,344.061279296875
86334116,35.67949,-14.817826271057129,-86.56709289550781,335.54644775390625
86354110,35.699484,-24.21792984008789,-85.7999267578125,326.75653076171875
86374103,35.719477,-33.50310134887695,-85.14222717285156,317.81591796875
86394096,35.73947,-42.71604537963867,-84.61023712158203,308.767333984375
86414090,35.759464,-52.094810485839844,-84.19994354248047,300.0268249511719
86434083,35.779457,-61.379634857177734,-83.93608093261719,291.1615295410156
86454076,35.79945,-70.580078125,-83.82479095458984,282.1828918457031
86474069,35.819443,-79.6934585571289,-83.86846923828125,273.0911865234375
86494063,35.839437,-88.70600128173828,-84.06514739990234,263.8746032714844
86514056,35.85943,-97.58924102783203,-84.40888977050781,254.5087890625
86534049,35.879423,-106.29490661621094,-84.889892578125,244.94618225097656
86554042,35.899416,-114.738525390625,-85.49479675292969,235.10311889648438
86574036,35.91941,-122.753173828125,-86.20697021484375,224.81173706054688
86594029,35.939403,-129.9677276611328,-87.00578308105469,213.7015838623047
86614022,35.959396,-135.37355041503906,-87.86612701416016,200.76150512695312
86634016,35.97939,-122.62012481689453,-88.85414123535156,169.50607299804688
86654009,35.999383,-62.56910705566406,-89.15628051757812,90.92710876464844
86674002,36.019376,-31.705385208129883,-88.35907745361328,41.50288772583008
86693995,36.039369,-29.19353485107422,-87.36328887939453,20.395370483398438
86713989,36.059363,-33.14607620239258,-86.3988037109375,5.713651180267334
86733982,36.079356,-39.27943801879883,-85.52144622802734,353.1739196777344
86753975,36.099349,-46.369483947753906,-84.76201629638672,341.55133056640625
86773969,36.119343,-53.93924331665039,-84.14257049560547,330.36883544921875
86793962,36.139336,-61.756683349609375,-83.67953491210938,319.3983154296875
86813955,36.159329,-69.68456268310547,-83.38481903076172,308.5047607421875
86834948,36.180322,-78.00395965576172,-83.27103424072266,297.10015869140625
86854941,36.200315,-84.97279357910156,-83.39768981933594,285.2609558105469
86874935,36.220309,-91.73580169677734,-83.6840591430664,273.19384765625
86894928,36.240302,-98.11894989013672,-84.1197280883789,260.7289733886719
86914921,36.260295,-103.8628158569336,-84.68805694580078,247.60751342773438
86934914,36.280288,-108.54193878173828,-85.36492919921875,233.40423583984375
86954908,36.300282,-111.38502502441406,-86.11585998535156,217.3460235595703
86974901,36.320275,-110.89114379882812,-86.88604736328125,197.93199157714844
86994894,36.340268,-104.20173645019531,-87.57746887207031,172.2999267578125
87014888,36.360262,-87.94280242919922,-88.00472259521484,137.0717010498047
87034881,36.380255,-66.69859313964844,-87.95062255859375,96.8298568725586
87054874,36.400248,-52.734649658203125,-87.45831298828125,63.83529281616211
87074867,36.420241,-48.63349151611328,-86.56452178955078,40.68245315551758
87094861,36.440235,-50.26321029663086,-85.66572570800781,23.219467163085938
87114854,36.460228,-54.54201889038086,-84.84455108642578,8.365303993225098
87134847,36.480221,-60.166648864746094,-84.14482116699219,354.8162536621094
87154841,36.500215,-66.52202606201172,-83.59414672851562,341.9580078125
87174834,36.520208,-73.26588439941406,-83.21122741699219,329.4532470703125
87194827,36.540201,-80.18346405029297,-83.00724792480469,317.090087890625
87214820,36.560194,-87.1111831665039,-82.98683166503906,304.7091979980469
87234814,36.580188,-93.89291381835938,-83.1480484008789,292.1578063964844
87254807,36.600181,-100.35771179199219,-83.48213958740234,279.26983642578125
87274800,36.620174,-106.27078247070312,-83.97321319580078,265.8126220703125
87294794,36.640168,-109.30426788330078,-84.72132110595703,249.38232421875
87314787,36.660161,-110.04553985595703,-85.51061248779297,230.64474487304688
87334780,36.680154,-107.0965576171875,-86.26020812988281,208.19815063476562
87354773,36.700147,-98.77352142333984,-86.84197235107422,180.35525512695312
87374767,36.720141,-85.25504302978516,-87.08710479736328,147.28944396972656
87394760,36.740134,-71.48915100097656,-86.90022277832031,113.94603729248047
87414753,36.760127,-62.69688415527344,-86.37566375732422,85.54095458984375
87434746,36.78012,-59.335105895996094,-85.68783569335938,62.52794647216797
87454740,36.800114,-59.74235534667969,-84.96981048583984,43.242862701416016
87474733,36.820107,-62.46944046020508,-84.30435943603516,26.238224029541016
87494726,36.8401,-66.59800720214844,-83.74238586425781,10.595742225646973
87514720,36.860094,-71.6673583984375,-83.23313903808594,355.97491455078125
87534713,36.880087,-77.2758560180664,-82.888916015625,341.8586730957031
87554706,36.90008,-83.13262939453125,-82.72338104248047,327.9593811035156
87574699,36.920073,-89.00816345214844,-82.74117279052734,314.0518798828125
87594693,36.940067,-94.68417358398438,-82.93818664550781,299.92132568359375
87614686,36.96006,-99.91783905029297,-83.3018569946289,285.33013916015625
87634679,36.980053,-104.39322662353516,-83.8104248046875,269.96368408203125
87654673,37.000047,-107.65633392333984,-84.43013763427734,253.36788940429688
87674666,37.02004,-109.02534484863281,-85.1116714477539,234.86239624023438
87694659,37.040033,-107.51470947265625,-85.78345489501953,213.45849609375
87714652,37.060026,-102.01948547363281,-86.34001159667969,188.048095703125
87734646,37.08002,-88.99446868896484,-86.50698852539062,154.9913330078125
87754639,37.100013,-77.07893371582031,-86.21446228027344,123.01200103759766
87774632,37.120006,-70.06015014648438,-85.5992660522461,95.89124298095703
87794626,37.14,-67.77417755126953,-84.8457260131836,73.46064758300781
87814619,37.159993,-68.7269515991211,-84.08761596679688,54.226478576660156
87834612,37.179986,-71.6865005493164,-83.408935546875,36.956298828125
87854605,37.199979,-75.85460662841797,-82.86113739013672,20.853885650634766
87874599,37.219973,-80.71774291992188,-82.47665405273438,5.408259391784668
87894592,37.239966,-85.92141723632812,-82.2738037109375,350.27166748046875
87914585,37.259959,-91.18904113769531,-82.25921630859375,335.1716003417969
87934578,37.279952,-96.2733154296875,-82.42925262451172,319.865478515625
87954572,37.299946,-99.93671417236328,-82.78897857666016,303.1556396484375
87974565,37.319939,-102.76337432861328,-83.26547241210938,285.5938720703125
87994558,37.339932,-104.3349380493164,-83.81873321533203,266.7613525390625
88014552,37.359926,-104.14006042480469,-84.39275360107422,246.14483642578125
88034545,37.379919,-101.67477416992188,-84.91180419921875,223.23971557617188
88054538,37.399912,-96.77096557617188,-85.28531646728516,197.8734130859375
88074531,37.419905,-90.14655303955078,-85.4297866821289,170.7595977783203
88094525,37.439899,-83.49981689453125,-85.30960083007812,143.59129333496094
88114518,37.459892,-78.54624938964844,-84.96214294433594,118.08209228515625
88134511,37.479885,-76.02317810058594,-84.47308349609375,94.96531677246094
88154505,37.499879,-75.77134704589844,-83.93507385253906,74.07946014404297
88174498,37.519872,-77.42266845703125,-83.27482604980469,55.10350036621094
88194491,37.539865,-80.54959869384766,-82.7182846069336,37.5618782043457
88214484,37.559858,-84.57415771484375,-82.30965423583984,20.87992286682129
88234478,37.579852,-89.07556915283203,-82.07498168945312,4.640593528747559
88254471,37.599845,-93.7270278930664,-82.02555084228516,348.5240478515625
88274464,37.619838,-98.24124908447266,-82.15992736816406,332.2469787597656
88294458,37.639832,-102.3211441040039,-82.46388244628906,315.515869140625
88314451,37.659825,-105.62875366210938,-82.9103012084961,297.9975891113281
88334444,37.679818,-107.75041198730469,-83.45758056640625,279.2783203125
88354437,37.699811,-108.1790542602539,-84.04654693603516,258.85064697265625
88374431,37.719805,-106.39552307128906,-84.59876251220703,236.19207763671875
88394424,37.739798,-99.81181335449219,-84.923828125,208.64193725585938
88414417,37.759791,-92.27953338623047,-84.9272232055664,180.11407470703125
88434410,37.779784,-85.96084594726562,-84.6234130859375,152.76495361328125
88454404,37.799778,-82.16612243652344,-84.10737609863281,127.89967346191406
88474397,37.819771,-80.96965789794922,-83.49681091308594,105.59149169921875
88494390,37.839764,-81.84115600585938,-82.8918685913086,85.3083267211914
88514384,37.859758,-84.1667709350586,-82.36605834960938,66.43687438964844
88534377,37.879751,-87.43018341064453,-81.96910095214844,48.46604537963867
88554370,37.899744,-91.22587585449219,-81.73121643066406,30.99374771118164
88574363,37.919737,-95.2225112915039,-81.66719818115234,13.69383430480957
88594357,37.939731,-99.12291717529297,-81.77783966064453,356.2734680175781
88614350,37.959724,-102.02315521240234,-82.01118469238281,337.8876037597656
88634343,37.979717,-104.3033676147461,-82.36199188232422,318.8647155761719
88654337,37.999711,-105.6346664428711,-82.79322814941406,298.8764343261719
88674330,38.019704,-105.68682098388672,-83.25302124023438,277.59375
88694323,38.039697,-104.20580291748047,-83.67571258544922,254.759521484375
88714316,38.05969,-101.19548034667969,-83.98841857910156,230.37454223632812
88734310,38.079684,-97.11660766601562,-84.12813568115234,204.894287109375
88754303,38.099677,-92.87968444824219,-84.0654067993164,179.22671508789062
88774296,38.11967,-89.47196960449219,-83.81796264648438,154.3541259765625
88794290,38.139664,-87.50676727294922,-83.44252014160156,130.88577270507812
88814283,38.159657,-87.10472106933594,-83.0127182006836,108.94334411621094
88834276,38.17965,-88.09481048583984,-82.4493408203125,88.37461853027344
88854269,38.199643,-90.39826965332031,-81.97614288330078,69.07899475097656
88874263,38.219637,-93.5301513671875,-81.64190673828125,50.57448959350586
88894256,38.23963,-97.08856201171875,-81.47469329833984,32.466209411621094
88914249,38.259623,-100.72857666015625,-81.48446655273438,14.413742065429688
88934242,38.279616,-104.1299819946289,-81.664794921875,356.1021728515625
88954236,38.29961,-106.96766662597656,-81.99324035644531,337.2091369628906
88974229,38.319603,-108.89347076416016,-82.43130493164062,317.39068603515625
88994222,38.339596,-109.54335021972656,-82.92362213134766,296.2820739746094
89014216,38.35959,-108.60297393798828,-83.39929962158203,273.56610107421875
89034209,38.379583,-105.97863006591797,-83.77690887451172,249.1478271484375
89054202,38.399576,-100.58537292480469,-83.84632110595703,221.8868408203125
89074195,38.419569,-95.68929290771484,-83.64713287353516,195.08966064453125
89094189,38.439563,-92.37007904052734,-83.24238586425781,169.83016967773438
89114182,38.459556,-90.97579193115234,-82.72831726074219,146.45516967773438
89134175,38.479549,-91.30838775634766,-82.19950866699219,124.7647476196289
89154169,38.499543,-92.95887756347656,-81.7318115234375,104.35039520263672
89174162,38.519536,-95.50080871582031,-81.37977600097656,84.79129028320312
89194155,38.539529,-98.5528335571289,-81.17678833007812,65.70980072021484
89214148,38.559522,-101.78385925292969,-81.13853454589844,46.780216217041016
89234142,38.579516,-104.88259887695312,-81.2641372680664,27.69578742980957
89254135,38.599509,-107.54308319091797,-81.53649139404297,8.156975746154785
89274128,38.619502,-108.82329559326172,-81.85740661621094,347.25396728515625
89294122,38.639496,-109.21895599365234,-82.22232818603516,325.4497375488281
89314115,38.659489,-108.54771423339844,-82.57820129394531,302.562744140625
89334108,38.679482,-106.7845458984375,-82.86559295654297,278.56414794921875
89354101,38.699475,-104.16693115234375,-83.03006744384766,253.68736267089844
89374095,38.719469,-101.21797180175781,-83.03767395019531,228.4505157470703
89394088,38.739462,-98.58837127685547,-82.88800811767578,203.50192260742188
89414081,38.759455,-96.8116455078125,-82.61485290527344,179.37088012695312
89434074,38.779448,-96.13807678222656,-82.27312469482422,156.3057861328125
89454068,38.799442,-96.54952239990234,-81.92422485351562,134.28762817382812
89474061,38.819435,-97.85912322998047,-81.62303924560547,113.13307189941406
89494054,38.839428,-99.84789276123047,-81.29373168945312,92.65386962890625
89514048,38.859422,-102.39492797851562,-81.09909057617188,72.70046997070312
89534041,38.879415,-105.1519546508789,-81.05852508544922,52.93162536621094
89554034,38.899408,-107.78955078125,-81.1719970703125,33.02211380004883
89574027,38.919401,-109.9905014038086,-81.42127227783203,12.658538818359375
89594021,38.939395,-111.44424438476562,-81.77021789550781,351.5318603515625
89614014,38.959388,-111.87055206298828,-82.16631317138672,329.36431884765625
89634007,38.979381,-111.08454895019531,-82.54438018798828,305.9682312011719
89654001,38.999375,-109.1117935180664,-82.83483123779297,281.36492919921875
89673994,39.019368,-106.30389404296875,-82.97888946533203,255.9037628173828
89693987,39.039361,-103.31244659423828,-82.94855499267578,230.2305450439453
89713980,39.059354,-100.32142639160156,-82.58790588378906,204.4925079345703
89733974,39.079348,-98.99645233154297,-82.11431121826172,180.37860107421875
89753967,39.099341,-99.23052978515625,-81.62393188476562,157.7829132080078
89773960,39.119334,-100.67719268798828,-81.19566345214844,136.35984802246094
89793954,39.139328,-102.939453125,-80.88555145263672,115.71533966064453
89814946,39.16032,-105.77458190917969,-80.72792053222656,94.59351348876953
89834940,39.180314,-108.5584945678711,-80.74068450927734,74.41470336914062
89854933,39.200307,-111.10132598876953,-80.90901184082031,53.976985931396484
89874926,39.2203,-113.09300994873047,-81.20673370361328,32.9733772277832
89894920,39.240294,-114.23692321777344,-81.59009552001953,11.107964515686035
89914913,39.260287,-116.44566345214844,-82.38489532470703,350.2683410644531
89934906,39.28028,-116.24406433105469,-83.1880111694336,327.0121765136719
89954899,39.300273,-113.13289642333984,-83.85990905761719,300.8351745605469
89974893,39.320267,-107.38372039794922,-84.25723266601562,272.00048828125
89994886,39.34026,-100.61831665039062,-84.29256439208984,242.1241455078125
90014879,39.360253,-95.075439453125,-83.99406433105469,213.43658447265625
90034873,39.380247,-92.03679656982422,-83.48526763916016,187.213134765625
90054866,39.40024,-91.49700164794922,-82.9107437133789,163.44850158691406
90074859,39.420233,-92.84980010986328,-82.3860092163086,141.53594970703125
90094852,39.440226,-95.42095947265625,-81.98780059814453,120.80508422851562
90114846,39.46022,-98.6407470703125,-81.7595443725586,100.69010162353516
90134839,39.480213,-100.10784912109375,-81.40302276611328,78.86888122558594
90154832,39.500206,-102.22567749023438,-81.18917846679688,57.6671142578125
90174825,39.520199,-104.52777862548828,-81.13465118408203,36.6231803894043
90194819,39.540193,-106.61409759521484,-81.22830200195312,15.340503692626953
90214812,39.560186,-108.1490478515625,-81.43586730957031,353.48876953125
90234805,39.580179,-108.8807601928711,-81.70558166503906,330.81640625
90254799,39.600173,-108.68511199951172,-81.9753646850586,307.197509765625
90274792,39.620166,-107.63639068603516,-82.18409729003906,282.70611572265625
90294785,39.640159,-106.04035949707031,-82.28593444824219,257.6436462402344
90314778,39.660152,-104.36824035644531,-82.26380157470703,232.47805786132812
90334772,39.680146,-103.09028625488281,-82.13404846191406,207.67562866210938
90354765,39.700139,-103.22894287109375,-81.43635559082031,184.23289489746094
90374758,39.720132,-105.07801818847656,-80.83892822265625,162.454833984375
90394752,39.740126,-107.94922637939453,-80.41812133789062,141.65817260742188
90414745,39.760119,-111.28915405273438,-80.21127319335938,121.29950714111328
90434738,39.780112,-114.64889526367188,-80.22472381591797,100.93714141845703
90454731,39.800105,-117.6324462890625,-80.43829345703125,80.18266296386719
90474725,39.820099,-119.87310791015625,-80.80829620361328,58.673301696777344
90494718,39.840092,-121.0322036743164,-81.2703857421875,36.07460403442383
90514711,39.860085,-120.85293579101562,-81.74282836914062,12.127785682678223
90534705,39.880079,-119.2802734375,-82.13665008544922,346.77301025390625
90554698,39.900072,-116.60912322998047,-82.37268829345703,320.3016357421875
90574691,39.920065,-112.7451171875,-82.3025131225586,292.5882873535156
90594684,39.940058,-109.81641387939453,-82.01020050048828,265.77496337890625
90614678,39.960052,-108.34172821044922,-81.58641052246094,240.37503051757812
90634671,39.980045,-108.32598876953125,-81.1323471069336,216.39442443847656
90654664,40.000038,-109.47863006591797,-80.73426055908203,193.54364013671875
90674657,40.020031,-111.41226196289062,-80.45320892333984,171.4395294189453
90694651,40.040025,-113.74080657958984,-80.32335662841797,149.7010040283203
90714644,40.060018,-116.10258483886719,-80.35409545898438,127.97465515136719
90734637,40.080011,-118.16358947753906,-80.5317611694336,105.93107604980469
90754631,40.100005,-119.6205825805664,-80.82182312011719,83.26948547363281
90774624,40.119998,-120.21746826171875,-81.17191314697266,59.737152099609375
90794617,40.139991,-119.2923583984375,-81.40736389160156,34.689910888671875
90814610,40.159984,-117.77483367919922,-81.55758666992188,9.03013801574707
90834604,40.179978,-115.9710464477539,-81.59220123291016,343.0587158203125
90854597,40.199971,-114.2839584350586,-81.50538635253906,317.1766357421875
90874590,40.219964,-113.07625579833984,-81.31826782226562,291.7420959472656
90894584,40.239958,-112.56819152832031,-81.07198333740234,266.9721374511719
90914577,40.259951,-112.80241394042969,-80.81694793701172,242.91180419921875
90934570,40.279944,-113.6783676147461,-80.60084533691406,219.461181640625
90954563,40.299937,-115.00686645507812,-80.46147155761719,196.4344482421875
90974557,40.319931,-116.55501556396484,-80.42198181152344,173.60195922851562
90994550,40.339924,-118.0739517211914,-80.48873138427734,150.72129821777344
91014543,40.359917,-119.44889831542969,-80.5602798461914,127.69731903076172
91034537,40.379911,-120.5061264038086,-80.72217559814453,104.3376235961914
91054530,40.399904,-121.02546691894531,-80.94136047363281,80.42562866210938
91074523,40.419897,-120.87226867675781,-81.17164611816406,55.825340270996094
91094516,40.43989,-120.04953002929688,-81.36241149902344,30.5377197265625
91114510,40.459884,-118.7309341430664,-81.47015380859375,4.73179292678833
91134503,40.479877,-117.2442855834961,-81.47010803222656,338.7337951660156
91154496,40.49987,-115.96947479248047,-81.36479187011719,312.919189453125
91174489,40.519863,-115.21039581298828,-81.18248748779297,287.58929443359375
91194483,40.539857,-115.11104583740234,-80.967529296875,262.88616943359375
91214476,40.55985,-115.64969635009766,-80.76844787597656,238.79135131835938
91234469,40.579843,-116.76982116699219,-80.5070571899414,215.2481231689453
91254463,40.599837,-118.39136505126953,-80.35628509521484,192.17697143554688
91274456,40.61983,-120.1768569946289,-80.33624267578125,169.2478485107422
91294449,40.639823,-121.80390167236328,-80.44315338134766,146.14230346679688
91314442,40.659816,-122.98345184326172,-80.65058135986328,122.57470703125
91334436,40.67981,-123.48877716064453,-80.91436767578125,98.31857299804688
91354429,40.699803,-123.19895935058594,-81.17818450927734,73.25434875488281
91374422,40.719796,-122.16109466552734,-81.3844223022461,47.42512130737305
91394416,40.73979,-120.62228393554688,-81.48704528808594,21.072776794433594
91414409,40.759783,-118.98764038085938,-81.4659194946289,354.6004943847656
91434402,40.779776,-117.68158721923828,-81.33251190185547,328.4278564453125
91454395,40.799769,-117.04808807373047,-80.98348999023438,302.88031005859375
91474389,40.819763,-117.46247100830078,-80.64097595214844,278.3433837890625
91494382,40.839756,-118.67964172363281,-80.36994934082031,254.57711791992188
91514375,40.859749,-120.38408660888672,-80.21337890625,231.26980590820312
91534369,40.879743,-122.24909973144531,-80.19070434570312,208.09925842285156
91554362,40.899736,-123.96199798583984,-80.29825592041016,184.76028442382812
91574355,40.919729,-125.23905181884766,-80.5112075805664,160.97195434570312
91594348,40.939722,-125.8475570678711,-80.78651428222656,136.50335693359375
91614342,40.959716,-125.6515121459961,-81.06858825683594,111.21692657470703
91634335,40.979709,-124.66976928710938,-81.29842376708984,85.13079071044922
91654328,40.999702,-123.12194061279297,-81.42704772949219,58.4594841003418
91674321,41.019695,-121.35726165771484,-81.3037109375,31.53752899169922
91694315,41.039689,-120.214599609375,-81.08102416992188,5.204316139221191
91714308,41.059682,-119.85906219482422,-80.81110382080078,339.62567138671875
91734301,41.079675,-120.2649154663086,-80.54924774169922,314.7752685546875
91754295,41.099669,-121.27764892578125,-80.34357452392578,290.4999694824219
91774288,41.119662,-122.67236328125,-80.22799682617188,266.581298828125
91794281,41.139655,-124.19639587402344,-80.21949768066406,242.77029418945312
91814274,41.159648,-125.5948257446289,-80.31671142578125,218.81642150878906
91834268,41.179642,-126.63043212890625,-80.50041961669922,194.48464965820312
91854261,41.199635,-127.10601806640625,-80.73602294921875,169.5815887451172
91874254,41.219628,-126.90646362304688,-80.97724151611328,143.9906005859375
91894248,41.239622,-126.08541870117188,-81.07891845703125,117.76514434814453
91914241,41.259615,-125.04393005371094,-81.1154556274414,91.29866790771484
91934234,41.279608,-123.99781799316406,-81.07603454589844,64.8028564453125
91954227,41.299601,-123.1803207397461,-80.966552734375,38.50815200805664
91974221,41.319595,-122.77214050292969,-80.80905151367188,12.592456817626953
91994214,41.339588,-122.85585021972656,-80.63652801513672,347.1404113769531
92014207,41.359581,-123.4067153930664,-80.48478698730469,322.12744140625
92034201,41.379575,-124.3116455078125,-80.38518524169922,297.4420166015625
92054194,41.399568,-125.40017700195312,-80.35883331298828,272.9192810058594
92074187,41.419561,-126.47075653076172,-80.41300201416016,248.36016845703125
92094180,41.439554,-127.31926727294922,-80.53944396972656,223.5632781982422
92114174,41.459548,-127.94282531738281,-80.63260650634766,198.5328369140625
92134167,41.479541,-128.21998596191406,-80.76651000976562,173.14093017578125
92154160,41.499534,-128.0537567138672,-80.90740966796875,147.2892608642578
92174153,41.519527,-127.4610366821289,-81.01807403564453,120.99288940429688
92194147,41.539521,-126.58638763427734,-81.067626953125,94.39266204833984
92214140,41.559514,-125.6682357788086,-81.04153442382812,67.7262191772461
92234133,41.579507,-124.96361541748047,-80.94609069824219,41.24706268310547
92254127,41.599501,-124.6623764038086,-80.80631256103516,15.142545700073242
92274120,41.619494,-124.8365249633789,-80.65821075439453,349.4871826171875
92294113,41.639487,-125.43767547607422,-80.538818359375,324.2328796386719
92314106,41.65948,-126.32465362548828,-80.47762298583984,299.2415466308594
92334100,41.679474,-127.56668853759766,-80.40068054199219,274.583251953125
92354093,41.699467,-128.837158203125,-80.42932891845703,249.93569946289062
92374086,41.71946,-129.8560333251953,-80.55081176757812,225.02096557617188
92394080,41.739454,-130.39865112304688,-80.73250579833984,199.61520385742188
92414073,41.759447,-130.33892822265625,-80.92855072021484,173.59457397460938
92434066,41.77944,-129.69100952148438,-81.08973693847656,146.96994018554688
92454059,41.799433,-128.6343994140625,-81.17569732666016,119.91776275634766
92474053,41.819427,-127.47323608398438,-81.16693115234375,92.73737335205078
92494046,41.83942,-126.53807067871094,-81.07037353515625,65.75827026367188
92514039,41.859413,-126.07105255126953,-80.9163589477539,39.21963119506836
92534033,41.879407,-126.16100311279297,-80.74805450439453,13.209282875061035
92554026,41.8994,-127.04000854492188,-80.5067138671875,347.95343017578125
92574019,41.919393,-128.4135284423828,-80.3641128540039,323.1662292480469
92594012,41.939386,-129.95294189453125,-80.34114837646484,298.52410888671875
92614006,41.95938,-131.34228515625,-80.43375396728516,273.71490478515625
92633999,41.979373,-132.30691528320312,-80.61514282226562,248.46939086914062
92653992,41.999366,-132.64859008789062,-80.84123992919922,222.5895538330078
92673985,42.019359,-132.29119873046875,-81.05810546875,195.99819946289062
92693979,42.039353,-131.3277587890625,-81.21443176269531,168.7841796875
92713972,42.059346,-130.02548217773438,-81.27378845214844,141.21319580078125
92733965,42.079339,-128.7534637451172,-81.22693634033203,113.64885711669922
92753959,42.099333,-127.85427856445312,-81.09306335449219,86.42947387695312
92773952,42.119326,-127.81049346923828,-80.8088607788086,60.026512145996094
92794945,42.140319,-128.6093292236328,-80.55608367919922,33.304962158203125
92814938,42.160312,-129.8836669921875,-80.40172576904297,8.162165641784668
92834931,42.180305,-131.37403869628906,-80.358154296875,343.2140197753906
92854925,42.200299,-132.78317260742188,-80.4266586303711,318.1672058105469
92874918,42.220292,-133.84405517578125,-80.58737182617188,292.76055908203125
92894911,42.240285,-134.34645080566406,-80.80284881591797,266.7844543457031
92914905,42.260279,-134.17991638183594,-81.0242691040039,240.12701416015625
92934898,42.280272,-133.3799591064453,-81.20061492919922,212.82342529296875
92954891,42.300265,-132.15432739257812,-81.29151916503906,185.07675170898438
92974884,42.320258,-130.71022033691406,-81.79590606689453,157.08314514160156
92994878,42.340252,-127.9182357788086,-82.08644104003906,127.72933959960938
93014871,42.360245,-124.7743911743164,-82.1224365234375,98.00501251220703
93034864,42.380238,-122.30502319335938,-81.94560241699219,68.92857360839844
93054857,42.400231,-121.06443786621094,-81.6517562866211,41.05046081542969
93074851,42.420225,-121.05561828613281,-81.34535217285156,14.372259140014648
93094844,42.440218,-121.95418548583984,-81.1069107055664,348.5743713378906
93114837,42.460211,-123.32881164550781,-80.98152923583984,323.2287292480469
93134831,42.480205,-124.76194763183594,-80.97917938232422,297.92120361328125
93154824,42.500198,-125.90335845947266,-81.07979583740234,272.3075256347656
93174817,42.520191,-126.50753021240234,-81.24168395996094,246.14303588867188
93194810,42.540184,-125.28939056396484,-80.9725341796875,218.16749572753906
93214804,42.560178,-124.9625015258789,-80.6771469116211,191.0493621826172
93234797,42.580171,-125.37403106689453,-80.40885162353516,164.6387939453125
93254790,42.600164,-126.30899047851562,-80.20462799072266,138.7223663330078
93274784,42.620158,-127.54512786865234,-80.08544921875,113.08073425292969
93294777,42.640151,-128.87342834472656,-80.05843353271484,87.51171112060547
93314770,42.660144,-130.10606384277344,-80.11898040771484,61.8308219909668
93334763,42.680137,-131.07510375976562,-80.2519302368164,35.873619079589844
93354757,42.700131,-131.64405822753906,-80.43303680419922,9.504631042480469
93374750,42.720124,-131.7223358154297,-80.63060760498047,342.6360168457031
93394743,42.740117,-131.29319763183594,-80.80962371826172,315.24853515625
93414737,42.760111,-133.0795440673828,-80.6778793334961,290.0325927734375
93434730,42.780104,-134.7431182861328,-80.690185546875,264.67584228515625
93454723,42.800097,-135.96812438964844,-80.80528259277344,238.86517333984375
93474716,42.82009,-136.59432983398438,-80.96807861328125,212.44204711914062
93494710,42.840084,-136.63096618652344,-81.12451171875,185.41439819335938
93514703,42.860077,-136.2427978515625,-81.23468780517578,157.94761657714844
93534696,42.88007,-135.6876983642578,-81.28239440917969,130.2966766357422
93554689,42.900063,-135.21426391601562,-81.27545928955078,102.70843505859375
93574683,42.920057,-134.97607421875,-81.23865509033203,75.33464813232422
93594676,42.94005,-134.99452209472656,-81.20113372802734,48.19926834106445
93614669,42.960043,-135.18247985839844,-81.18565368652344,21.21480941772461
93634663,42.980037,-135.29786682128906,-81.10841369628906,354.1317138671875
93654656,43.00003,-135.56259155273438,-81.06991577148438,327.17913818359375
93674649,43.020023,-135.80262756347656,-81.06683349609375,300.1827392578125
93694642,43.040016,-135.90914916992188,-81.08305358886719,273.0343017578125
93714636,43.06001,-135.86378479003906,-81.0978775024414,245.71377563476562
93734629,43.080003,-135.7302703857422,-81.09513854980469,218.28662109375
93754622,43.099996,-135.6220245361328,-81.06922912597656,190.8643341064453
93774616,43.11999,-135.6464385986328,-81.0269775390625,163.55308532714844
93794609,43.139983,-135.8605194091797,-80.98455810546875,136.4125518798828
93814602,43.159976,-136.2461395263672,-80.9612045288086,109.4249267578125
93834595,43.179969,-136.7176971435547,-80.97171020507812,82.50607299804688
93854589,43.199963,-137.7075653076172,-80.9570541381836,56.085960388183594
93874582,43.219956,-138.56947326660156,-81.0226058959961,29.52414321899414
93894575,43.239949,-139.07723999023438,-81.14434051513672,2.5952279567718506
93914569,43.259943,-139.0999755859375,-81.28446197509766,335.167236328125
93934562,43.279936,-138.6440887451172,-81.40123748779297,307.2476806640625
93954555,43.299929,-137.8633575439453,-81.46086120605469,278.9864501953125
93974548,43.319922,-137.0172882080078,-81.44810485839844,250.6404571533203
93994542,43.339916,-136.37754821777344,-81.37052917480469,222.47775268554688
94014535,43.359909,-136.13197326660156,-81.25537872314453,194.68748474121094
94034528,43.379902,-136.33193969726562,-81.13877868652344,167.32008361816406
94054521,43.399895,-136.898193359375,-81.05535888671875,140.298095703125
94074515,43.419889,-138.02980041503906,-80.9838638305664,113.81593322753906
94094508,43.439882,-139.18634033203125,-81.00782012939453,87.34379577636719
94114501,43.459875,-140.08737182617188,-81.11351013183594,60.603485107421875
94134495,43.479869,-140.52149963378906,-81.26892852783203,33.38373947143555
94154488,43.499862,-140.3877410888672,-81.4303207397461,5.5859055519104
94174481,43.519855,-139.73812866210938,-81.5534439086914,337.25872802734375
94194474,43.539848,-138.779541015625,-81.60597229003906,308.60614013671875
94214468,43.559842,-137.81483459472656,-81.57707977294922,279.9266052246094
94234461,43.579835,-137.1351318359375,-81.4805908203125,251.5111083984375
94254454,43.599828,-136.917724609375,-81.34907531738281,223.53472900390625
94274448,43.619822,-137.18772888183594,-81.22225189208984,196.02200317382812
94294441,43.639815,-138.3125762939453,-81.08977508544922,169.3360137939453
94314434,43.659808,-139.634765625,-81.05728912353516,142.82936096191406
94334427,43.679801,-140.84466552734375,-81.12342071533203,116.1965103149414
94354421,43.699795,-141.6763153076172,-81.26509857177734,89.17328643798828
94374414,43.719788,-141.94696044921875,-81.44330596923828,61.5802116394043
94394407,43.739781,-141.60189819335938,-81.6108627319336,33.360496520996094
94414401,43.759775,-140.75184631347656,-81.72444152832031,4.621147155761719
94434394,43.779768,-139.65892028808594,-81.75652313232422,335.6233825683594
94454387,43.799761,-138.65716552734375,-81.70376586914062,306.6966857910156
94474380,43.819754,-138.0298309326172,-81.5876235961914,278.12213134765625
94494374,43.839748,-137.92001342773438,-81.4451675415039,250.0407257080078
94514367,43.859741,-138.7560577392578,-81.27619934082031,222.87538146972656
94534360,43.879734,-139.95196533203125,-81.19071197509766,196.04974365234375
94554353,43.899727,-141.2113494873047,-81.20057678222656,169.2718505859375
94574347,43.919721,-142.25692749023438,-81.2962417602539,142.26661682128906
94594340,43.939714,-142.86248779296875,-81.45037841796875,114.8124008178711
94614333,43.959707,-142.89378356933594,-81.62257385253906,86.77408599853516
94634327,43.979701,-142.3519287109375,-81.76871490478516,58.14995193481445
94654320,43.999694,-141.39939880371094,-81.85164642333984,29.102222442626953
94674313,44.019687,-140.3226318359375,-81.85263061523438,359.9126892089844
94694306,44.03968,-139.4398956298828,-81.77690887451172,330.896728515625
94714300,44.059674,-138.9863739013672,-81.65079498291016,302.2864990234375
94734293,44.079667,-139.50094604492188,-81.47789764404297,274.61517333984375
94754286,44.09966,-140.45431518554688,-81.36498260498047,247.36160278320312
94774280,44.119654,-141.60052490234375,-81.33253479003906,220.28231811523438
94794273,44.139647,-142.6820831298828,-81.38239288330078,193.1258087158203
94814266,44.15964,-143.4659881591797,-81.4991226196289,165.66036987304688
94834259,44.179633,-143.7781524658203,-81.65265655517578,137.7133331298828
94854253,44.199627,-143.5463409423828,-81.80429077148438,109.21066284179688
94874246,44.21962,-142.8352813720703,-81.91567993164062,80.21764373779297
94894239,44.239613,-141.84896850585938,-81.95923614501953,50.933963775634766
94914233,44.259607,-140.87672424316406,-81.92658233642578,21.644855499267578
94934226,44.2796,-140.19528198242188,-81.83090209960938,352.626953125
94954219,44.299593,-140.4114990234375,-81.67627716064453,324.4779052734375
94974212,44.319586,-141.07443237304688,-81.55726623535156,296.7545471191406
94994206,44.33958,-142.00877380371094,-81.49771881103516,269.2830505371094
95014199,44.359573,-143.00100708007812,-81.50816345214844,241.85556030273438
95034192,44.379566,-143.83628845214844,-81.58393096923828,214.25880432128906
95054185,44.399559,-144.3291473388672,-81.7061996459961,186.3089599609375
95074179,44.419553,-144.36138916015625,-81.8450927734375,157.88697814941406
95094172,44.439546,-143.9192352294922,-81.96595764160156,128.98037719726562
95114165,44.459539,-143.118896484375,-82.0379409790039,99.70197296142578
95134159,44.479533,-142.18795776367188,-82.04322052001953,70.27529907226562
95154152,44.499526,-141.39454650878906,-81.98292541503906,40.968536376953125
95174145,44.519519,-141.39122009277344,-81.85796356201172,12.425013542175293
95194138,44.539512,-141.78628540039062,-81.74799346923828,344.2593994140625
95214132,44.559506,-142.47886657714844,-81.67646789550781,316.37164306640625
95234125,44.579499,-143.3148956298828,-81.65877532958984,288.6123962402344
95254118,44.599492,-144.11279296875,-81.69860076904297,260.8016052246094
95274112,44.619486,-144.6947021484375,-81.78730010986328,232.76205444335938
95294105,44.639479,-144.9179229736328,-81.90428924560547,204.3545379638672
95314098,44.659472,-144.71533203125,-82.0212173461914,175.5101318359375
95334091,44.679465,-144.1288299560547,-82.10790252685547,146.26939392089844
95354085,44.699459,-143.3134002685547,-82.14159393310547,116.78374481201172
95374078,44.719452,-142.50157165527344,-82.1138687133789,87.28558349609375
95394071,44.739445,-142.3562774658203,-82.02220153808594,58.429176330566406
95414065,44.759439,-142.52651977539062,-81.93006134033203,29.867616653442383
95434058,44.779432,-142.9833526611328,-81.85742950439453,1.5755118131637573
95454051,44.799425,-143.63490295410156,-81.821533203125,333.461669921875
95474044,44.819418,-144.34268188476562,-81.83243560791016,305.3896179199219
95494038,44.839412,-144.94647216796875,-81.88983154296875,277.20001220703125
95514031,44.859405,-145.29605102539062,-81.98187255859375,248.74630737304688
95534024,44.879398,-145.2882080078125,-82.08708190917969,219.9242401123047
95554017,44.899391,-144.90570068359375,-82.17839050292969,190.71580505371094
95574011,44.919385,-144.23736572265625,-82.23101806640625,161.2067413330078
95594004,44.939378,-143.4687042236328,-82.2299575805664,131.5828094482422
95613997,44.959371,-143.2510528564453,-82.16969299316406,102.4869384765625
95633991,44.979365,-143.25364685058594,-82.09850311279297,73.59175109863281
95653984,44.999358,-143.50607299804688,-82.03163146972656,44.92974853515625
95673977,45.019351,-143.9759521484375,-81.98616027832031,16.468603134155273
95693970,45.039344,-144.5707550048828,-81.97590637207031,348.1173095703125
95713964,45.059338,-145.154296875,-82.00708770751953,319.740478515625
95733957,45.079331,-145.57716369628906,-82.07547760009766,291.1926574707031
95754950,45.100324,-145.70513916015625,-82.1699447631836,261.13836669921875
95774943,45.120317,-145.4813690185547,-82.25837707519531,231.92103576660156
95794936,45.14031,-144.9507598876953,-82.32019805908203,202.38404846191406
95814930,45.160304,-142.7483367919922,-82.7022705078125,171.17120361328125
95834923,45.180297,-139.5773162841797,-82.84727478027344,138.98081970214844
95854916,45.20029,-136.65478515625,-82.75753784179688,107.02021026611328
95874910,45.220284,-134.87539672851562,-82.5113754272461,76.17737579345703
95894903,45.240277,-134.4701385498047,-82.21658325195312,46.684165954589844
95914896,45.26027,-135.17657470703125,-81.96609497070312,18.278615951538086
95934889,45.280263,-136.53036499023438,-81.81759643554688,350.50048828125
95954883,45.300257,-138.05218505859375,-81.79041290283203,322.87420654296875
95974876,45.32025,-139.330322265625,-81.87049102783203,294.9945373535156
95994869,45.340243,-140.0648651123047,-82.01909637451172,266.56280517578125
96014863,45.360237,-140.11558532714844,-82.18394470214844,237.43765258789062
96034856,45.38023,-138.48170471191406,-81.84577178955078,206.63296508789062
96054849,45.400223,-138.2535400390625,-81.48513793945312,177.20387268066406
96074842,45.420216,-139.06443786621094,-81.18494415283203,148.785888671875
96094836,45.44021,-140.4803924560547,-80.99186706542969,120.94837188720703
96114829,45.460203,-142.1082000732422,-80.92168426513672,93.30646514892578
96134822,45.480196,-143.623291015625,-80.96603393554688,65.53974914550781
96154816,45.50019,-144.7719268798828,-81.09906768798828,37.397491455078125
96174809,45.520183,-145.38136291503906,-81.2831802368164,8.711519241333008
96194802,45.540176,-145.3751678466797,-81.47496795654297,339.404541015625
96214795,45.560169,-144.79928588867188,-81.63275146484375,309.5204772949219
96234789,45.580163,-143.82908630371094,-81.72447204589844,279.23046875
96254782,45.600156,-146.4271240234375,-81.84925842285156,252.46856689453125
96274775,45.620149,-148.05043029785156,-82.09146881103516,224.72654724121094
96294768,45.640142,-148.5398406982422,-82.36271667480469,195.84625244140625
96314762,45.660136,-148.0237579345703,-82.58515167236328,165.9529266357422
96334755,45.680129,-146.904541015625,-82.71187591552734,135.44808959960938
96354748,45.700122,-145.69769287109375,-82.73660278320312,104.84264373779297
96374742,45.720116,-144.80850219726562,-82.68736267089844,74.53848266601562
96394735,45.740109,-144.39920043945312,-82.60760498046875,44.69926071166992
96414728,45.760102,-144.40460205078125,-82.53585815429688,15.25888442993164
96434721,45.780095,-144.63931274414062,-82.49417114257812,346.0328063964844
96454715,45.800089,-144.9010772705078,-82.4854736328125,316.81854248046875
96474708,45.820082,-145.24105834960938,-82.44258117675781,287.66021728515625
96494701,45.840075,-145.5521240234375,-82.42668151855469,258.4581604003906
96514695,45.860069,-145.78082275390625,-82.42388153076172,229.15829467773438
96534688,45.880062,-145.94871520996094,-82.42308807373047,199.78468322753906
96554681,45.900055,-146.11410522460938,-82.42086029052734,170.39480590820312
96574674,45.920048,-146.3236541748047,-82.42121887207031,141.0356903076172
96594668,45.940042,-146.57748413085938,-82.4322280883789,111.70703125
96614661,45.960035,-146.82115173339844,-82.46034240722656,82.35755920410156
96634654,45.980028,-146.9672393798828,-82.50586700439453,52.899269104003906
96654648,46.000022,-146.931396484375,-82.56079864501953,23.246936798095703
96674641,46.020015,-146.67379760742188,-82.6104965209961,353.36248779296875
96694634,46.040008,-146.93792724609375,-82.69969177246094,323.9812316894531
96714627,46.060001,-146.74942016601562,-82.77992248535156,294.13641357421875
96734621,46.079995,-146.26353454589844,-82.8224105834961,263.980712890625
96754614,46.099988,-145.73019409179688,-82.81651306152344,233.76495361328125
96774607,46.119981,-145.38702392578125,-82.77198791503906,203.724365234375
96794600,46.139974,-145.36085510253906,-82.71268463134766,173.9855499267578
96814594,46.159968,-145.63800048828125,-82.66545104980469,144.53431701660156
96834587,46.179961,-146.0911102294922,-82.65013885498047,115.24711608886719
96854580,46.199954,-146.53753662109375,-82.67329406738281,85.9415512084961
96874574,46.219948,-146.80186462402344,-82.72724151611328,56.44196701049805
96894567,46.239941,-146.7726593017578,-82.79240417480469,26.639402389526367
96914560,46.259934,-146.74380493164062,-82.84817504882812,356.8216857910156
96934553,46.279927,-146.4405517578125,-82.88693237304688,326.71759033203125
96954547,46.299921,-146.0125732421875,-82.89192199707031,296.4742126464844
96974540,46.319914,-145.6579132080078,-82.8615493774414,266.291015625
96994533,46.339907,-145.53482055664062,-82.80892181396484,236.32452392578125
97014527,46.359901,-145.70069885253906,-82.75581359863281,206.63108825683594
97034520,46.379894,-146.10122680664062,-82.72383880615234,177.1598358154297
97054513,46.399887,-146.59503173828125,-82.72669982910156,147.76979064941406
97074506,46.41988,-147.00946044921875,-82.7656478881836,118.28955078125
97094500,46.439874,-147.19195556640625,-82.82917022705078,88.56600952148438
97114493,46.459867,-147.06028747558594,-82.89642333984375,58.51942443847656
97134486,46.47986,-147.00396728515625,-82.96915435791016,28.53330421447754
97154480,46.499854,-146.61546325683594,-83.01856994628906,358.2025451660156
97174473,46.519847,-146.08522033691406,-83.02691650390625,327.7183837890625
97194466,46.53984,-145.64697265625,-82.99388122558594,297.3121643066406
97214459,46.559833,-145.4790496826172,-82.93566131591797,267.16156005859375
97234453,46.579827,-145.6376495361328,-82.87678527832031,237.32176208496094
97254446,46.59982,-146.05445861816406,-82.84069061279297,207.7279815673828
97274439,46.619813,-146.57302856445312,-82.8416519165039,178.2240753173828
97294432,46.639806,-147.00588989257812,-82.8801498413086,148.62396240234375
97314426,46.6598,-147.1937713623047,-82.94364166259766,118.76776123046875
97334419,46.679793,-147.05784606933594,-83.01028442382812,88.57902526855469
97354412,46.699786,-146.95382690429688,-83.07167053222656,58.407928466796875
97374406,46.71978,-146.56874084472656,-83.1092300415039,27.942983627319336
97394399,46.739773,-146.08807373046875,-83.10862731933594,357.37103271484375
97414392,46.759766,-145.7281951904297,-83.07196044921875,326.9059753417969
97434385,46.779759,-145.6396026611328,-83.01600646972656,296.69793701171875
97454379,46.799753,-145.85472106933594,-82.96407318115234,266.7785339355469
97474372,46.819746,-146.2921600341797,-82.93724822998047,237.06988525390625
97494365,46.839739,-146.78970336914062,-82.94664001464844,207.41015625
97514359,46.859733,-147.16798400878906,-82.99044036865234,177.619873046875
97534352,46.879726,-147.28372192382812,-83.05422973632812,147.55865478515625
97554345,46.899719,-147.08013916015625,-83.11598205566406,117.16824340820312
97574338,46.919712,-146.92591857910156,-83.1736068725586,86.81312561035156
97594332,46.939706,-146.5167999267578,-83.20449829101562,56.19052505493164
97614325,46.959699,-146.0511932373047,-83.19723510742188,25.500123977661133
97634318,46.979692,-145.7378387451172,-83.15681457519531,354.9483337402344
97654312,46.999686,-145.70913696289062,-83.10163879394531,324.6661071777344
97674305,47.019679,-145.9738311767578,-83.05476379394531,294.6651306152344
97694298,47.039672,-146.4290313720703,-83.03553009033203,264.8426513671875
97714291,47.059665,-146.90704345703125,-83.0523910522461,235.03224182128906
97734285,47.079659,-147.23077392578125,-83.1006088256836,205.05667114257812
97754278,47.099652,-147.2740936279297,-83.16390228271484,174.79258728027344
97774271,47.119645,-147.00482177734375,-83.22001647949219,144.20603942871094
97794264,47.139638,-146.7997283935547,-83.26809692382812,113.66980743408203
97814258,47.159632,-146.39190673828125,-83.28799438476562,82.91813659667969
97834251,47.179625,-145.9809112548828,-83.27214813232422,52.15206527709961
97854244,47.199618,-145.7546844482422,-83.2289047241211,21.557355880737305
97874238,47.219612,-145.81253051757812,-83.17742156982422,351.2321472167969
97894231,47.239605,-146.1328125,-83.13961029052734,321.15802001953125
97914224,47.259598,-146.59507751464844,-83.13140869140625,291.2145080566406
97934217,47.279591,-147.02854919433594,-83.1576156616211,261.23199462890625
97954211,47.299585,-147.26806640625,-83.21025085449219,231.04515075683594
97974204,47.319578,-147.21359252929688,-83.27120971679688,200.55630493164062
97994197,47.339571,-146.8667449951172,-83.31864929199219,169.76507568359375
98014191,47.359565,-146.6144561767578,-83.35606384277344,139.05337524414062
98034184,47.379558,-146.2211151123047,-83.36412811279297,108.19042205810547
98054177,47.399551,-145.88082885742188,-83.34005737304688,77.36807250976562
98074170,47.419544,-145.755615234375,-83.29512023925781,46.747802734375
98094164,47.439538,-145.9053497314453,-83.24929809570312,16.388484954833984
98114157,47.459531,-146.2769012451172,-83.2223892211914,346.2403564453125
98134150,47.479524,-146.7319793701172,-83.2265853881836,316.1651306152344
98154144,47.499518,-147.099365234375,-83.26226806640625,285.99139404296875
98174137,47.519511,-147.23379516601562,-83.31815338134766,255.5770721435547
98194130,47.539504,-147.06874084472656,-83.37445068359375,224.85409545898438
98214123,47.559497,-146.6471405029297,-83.41053771972656,193.86447143554688
98234117,47.579491,-146.3688201904297,-83.43465423583984,163.00302124023438
98254110,47.599484,-146.0206756591797,-83.4302978515625,132.06138610839844
98274103,47.619477,-145.78216552734375,-83.39942169189453,101.21710205078125
98294096,47.63947,-145.7751007080078,-83.35612487792969,70.59174346923828
98314090,47.659464,-146.01693725585938,-83.3193588256836,40.20197677612305
98334083,47.679457,-146.42190551757812,-83.30604553222656,9.965597152709961
98354076,47.69945,-146.84022521972656,-83.32355499267578,339.73260498046875
98374070,47.719444,-147.11062622070312,-83.3677978515625,309.3415222167969
98394063,47.739437,-147.11769104003906,-83.4239501953125,278.6795959472656
98414056,47.75943,-146.83770751953125,-83.4719467163086,247.72128295898438
98434049,47.779423,-146.3572998046875,-83.4935531616211,216.55224609375
98454043,47.799417,-146.08355712890625,-83.50251770019531,185.57479858398438
98474036,47.81941,-145.81695556640625,-83.48628997802734,154.59405517578125
98494029,47.839403,-145.70591735839844,-83.4513168334961,123.75684356689453
98514023,47.859397,-145.82470703125,-83.41304016113281,93.13631439208984
98534016,47.87939,-146.14695739746094,-83.38890838623047,62.709163665771484
98554009,47.899383,-146.5592803955078,-83.39122009277344,32.36197280883789
98574002,47.919376,-146.90737915039062,-83.42221069335938,1.9412239789962769
98593996,47.93937,-147.0494842529297,-83.47258758544922,331.3048095703125
98613989,47.959363,-146.912841796875,-83.52518463134766,300.38214111328125
98633982,47.979356,-146.5252227783203,-83.56068420410156,269.198974609375
98653976,47.99935,-146.0166778564453,-83.5651626586914,237.8829345703125
98673969,48.019343,-145.7886199951172,-83.55940246582031,206.83493041992188
98693962,48.039336,-145.63768005371094,-83.53424835205078,175.85235595703125
98713955,48.059329,-145.66909790039062,-83.49958038330078,145.04052734375
98734948,48.080322,-145.92225646972656,-83.47054290771484,113.19364929199219
98754942,48.100316,-146.2969207763672,-83.46318817138672,82.70172119140625
98774935,48.120309,-146.66993713378906,-83.48292541503906,52.20010757446289
98794928,48.140302,-146.89556884765625,-83.52566528320312,21.542505264282227
98814921,48.160295,-146.87086486816406,-83.57769775390625,350.62615966796875
98834915,48.180289,-146.57843017578125,-83.62071228027344,319.43194580078125
98854908,48.200282,-146.1069793701172,-83.63809967041016,288.0501403808594
98874901,48.220275,-143.96604919433594,-83.74219512939453,254.9972381591797
98894895,48.240269,-141.94888305664062,-83.69807434082031,222.0550079345703
98914888,48.260262,-140.7237091064453,-83.55520629882812,189.89076232910156
98934881,48.280255,-140.48684692382812,-83.38375091552734,158.69871520996094
98954874,48.300248,-141.0498809814453,-83.24494171142578,128.29183959960938
98974868,48.320242,-142.0412139892578,-83.1752700805664,98.29972839355469
98994861,48.340235,-143.06521606445312,-83.18228912353516,68.33206939697266
99014854,48.360228,-143.79800415039062,-83.2494125366211,38.06572341918945
99034848,48.380222,-144.04501342773438,-83.34414672851562,7.305622100830078
99054841,48.400215,-143.7899932861328,-83.4291000366211,336.03753662109375
99074834,48.420208,-143.19517517089844,-83.47498321533203,304.4209899902344
99094827,48.440201,-141.95741271972656,-82.916748046875,272.1559753417969
99114821,48.460195,-143.05667114257812,-82.4330062866211,242.1968536376953
99134814,48.480188,-145.38978576660156,-82.12283325195312,213.44992065429688
99154807,48.500181,-148.08587646484375,-82.01411437988281,185.0514678955078
99174800,48.520174,-150.50303649902344,-82.0859375,156.3672332763672
99194794,48.540168,-152.1808624267578,-82.28504943847656,126.94107818603516
99214787,48.560161,-152.8438720703125,-82.53961181640625,96.5018310546875
99234780,48.580154,-152.45098876953125,-82.77429962158203,65.00603485107422
99254774,48.600148,-151.2484588623047,-82.92822265625,32.69525146484375
99274767,48.620141,-149.7194366455078,-82.97113037109375,0.05071166902780533
99294760,48.640134,-148.3985137939453,-82.91062927246094,327.6019287109375
99314753,48.660127,-150.59193420410156,-83.25502014160156,298.6427307128906
99334747,48.680121,-151.04505920410156,-83.61428833007812,267.94415283203125
99354740,48.700114,-149.98291015625,-83.89336395263672,235.73089599609375
99374733,48.720107,-148.0544891357422,-84.04013061523438,202.6464385986328
99394727,48.740101,-146.07167053222656,-84.05517578125,169.4973907470703
99414720,48.760094,-144.62564086914062,-83.97896575927734,136.87474060058594
99434713,48.780087,-143.9100341796875,-83.86405944824219,104.9694595336914
99454706,48.80008,-143.81658935546875,-83.75282287597656,73.67310333251953
99474700,48.820074,-144.1189422607422,-83.66837310791016,42.758766174316406
99494693,48.840067,-144.6021270751953,-83.61698913574219,12.014983177185059
99514686,48.86006,-145.1197967529297,-83.59481811523438,341.295166015625
99534680,48.880054,-145.87255859375,-83.5877456665039,310.79345703125
99554673,48.900047,-146.509521484375,-83.61207580566406,280.1686096191406
99574666,48.92004,-146.9649200439453,-83.65831756591797,249.35455322265625
99594659,48.940033,-147.1975555419922,-83.71714782714844,218.3107147216797
99614653,48.960027,-147.1848602294922,-83.7787094116211,187.0133514404297
99634646,48.98002,-146.927734375,-83.83209991455078,155.4654541015625
99654639,49.000013,-146.47425842285156,-83.8663558959961,123.71317291259766
99674632,49.020006,-145.9246826171875,-83.87291717529297,91.85565948486328
99694626,49.04,-145.42041015625,-83.84931945800781,60.031883239746094
99714619,49.059993,-145.1024932861328,-83.80140686035156,28.38463592529297
99734612,49.079986,-145.06439208984375,-83.74250793457031,357.005859375
99754606,49.09998,-145.30545043945312,-83.76425170898438,325.89349365234375
99774599,49.119973,-145.4691619873047,-83.78778076171875,294.69683837890625
99794592,49.139966,-145.5773162841797,-83.8140640258789,263.4366760253906
99814585,49.159959,-145.61102294921875,-83.84440612792969,232.09432983398438
99834579,49.179953,-145.53062438964844,-83.87688446044922,200.6288604736328
99854572,49.199946,-145.30624389648438,-83.90496063232422,169.0126190185547
99874565,49.219939,-144.95693969726562,-83.91951751708984,137.2628936767578
99894559,49.239933,-144.5611572265625,-83.91300964355469,105.45600891113281
99914552,49.259926,-144.24107360839844,-83.88409423828125,73.7158203125
99934545,49.279919,-144.11138916015625,-83.83941650390625,42.15538024902344
99954538,49.299912,-144.2312774658203,-83.79252624511719,10.833945274353027
99974532,49.319906,-144.73753356933594,-83.7748031616211,339.8861999511719
99994525,49.339899,-145.26287841796875,-83.78567504882812,308.9505310058594
100014518,49.359892,-145.6748046875,-83.82342529296875,277.8940734863281
100034512,49.379886,-145.85546875,-83.87873840332031,246.59841918945312
100054505,49.399879,-145.74082946777344,-83.93624114990234,215.001953125
100074498,49.419872,-145.35311889648438,-83.97835540771484,183.12498474121094
100094491,49.439865,-144.8105926513672,-83.99148559570312,151.0845947265625
100114485,49.459859,-144.29379272460938,-83.97103118896484,119.05902862548828
100134478,49.479852,-143.9778594970703,-83.92410278320312,87.22506713867188
100154471,49.499845,-143.9668426513672,-83.86671447753906,55.68523406982422
100174464,49.519838,-144.2557830810547,-83.81841278076172,24.435131072998047
100194458,49.539832,-144.7972412109375,-83.82025146484375,353.42669677734375
100214451,49.559825,-145.2620391845703,-83.85081481933594,322.33551025390625
100234444,49.579818,-145.5192413330078,-83.902587890625,291.03009033203125
100254438,49.599812,-145.48516845703125,-83.96092987060547,259.42559814453125
100274431,49.619805,-145.1610107421875,-84.0082778930664,227.52529907226562
100294424,49.639798,-144.64476013183594,-84.02935028076172,195.4249725341797
100314417,49.659791,-144.10726928710938,-84.01712036132812,163.29420471191406
100334411,49.679785,-143.7328643798828,-83.97601318359375,131.3151092529297
100354404,49.699778,-143.64747619628906,-83.920166015625,99.61579132080078
100374397,49.719771,-143.87164306640625,-83.86907958984375,68.2158203125
100394391,49.739765,-144.3227081298828,-83.83988952636719,37.0322265625
100414384,49.759758,-144.9075927734375,-83.86652374267578,5.975361347198486
100434377,49.779751,-145.27694702148438,-83.92022705078125,334.6966247558594
100454370,49.799744,-145.32696533203125,-83.98506164550781,303.0924987792969
100474364,49.819738,-145.04364013671875,-84.04151153564453,271.14727783203125
100494357,49.839731,-144.51910400390625,-84.07195281982422,238.95465087890625
100514350,49.859724,-143.93190002441406,-84.06713104248047,206.690673828125
100534344,49.879718,-143.48350524902344,-84.02977752685547,174.55438232421875
100554337,49.899711,-143.32171630859375,-83.97370147705078,142.69573974609375
100574330,49.919704,-143.48817443847656,-83.91832733154297,111.15522003173828
100594323,49.939697,-143.91372680664062,-83.88277435302734,79.86450958251953
100614317,49.959691,-144.4470672607422,-83.87867736816406,48.67219161987305
100634310,49.979684,-144.93357849121094,-83.92913818359375,17.427181243896484
100654303,49.999677,-145.09042358398438,-83.99683380126953,345.8468017578125
100674296,50.01967,-144.87965393066406,-84.06058502197266,313.8927917480469
100694290,50.039664,-144.37820434570312,-84.10042572021484,281.63983154296875
100714283,50.059657,-143.76522827148438,-84.1043472290039,249.26853942871094
100734276,50.07965,-143.2554168701172,-84.07274627685547,216.99098205566406
100754270,50.099644,-143.0204620361328,-84.01826477050781,184.9770050048828
100774263,50.119637,-143.12396240234375,-83.96063232421875,153.29275512695312
100794256,50.13963,-143.51113891601562,-83.92000579833984,121.88285064697266
100814249,50.159623,-144.039306640625,-83.9095687866211,90.60582733154297
100834243,50.179617,-144.5249481201172,-83.93217468261719,59.2780876159668
100854236,50.19961,-144.8145294189453,-83.99994659423828,27.74921417236328
100874229,50.219603,-144.70643615722656,-84.07000732421875,355.8171691894531
100894223,50.239597,-144.2567901611328,-84.11969757080078,323.5358581542969
100914216,50.25959,-143.6350555419922,-84.13371276855469,291.0760498046875
100934209,50.279583,-143.0714569091797,-84.10956573486328,258.6654968261719
100954202,50.299576,-142.761962890625,-84.05824279785156,226.49929809570312
100974196,50.31957,-142.79580688476562,-83.99945068359375,194.665283203125
100994189,50.339563,-143.13754272460938,-83.95443725585938,163.13124084472656
101014182,50.359556,-143.65133666992188,-83.93824768066406,131.76109313964844
101034176,50.37955,-144.1522979736328,-83.95550537109375,100.3698959350586
101054169,50.399543,-144.46702575683594,-83.99899291992188,68.7876968383789
101074162,50.419536,-144.4877166748047,-84.07093048095703,36.90547561645508
101094155,50.439529,-144.12562561035156,-84.12823486328125,4.634552001953125
101114149,50.459523,-143.5347900390625,-84.15228271484375,332.12646484375
101134142,50.479516,-142.94578552246094,-84.13719177246094,299.613037109375
101154135,50.499509,-142.57470703125,-84.09149169921875,267.3082275390625
101174128,50.519502,-142.5388641357422,-84.0340805053711,235.3290252685547
101194122,50.539496,-142.8241424560547,-83.9866943359375,203.66049194335938
101214115,50.559489,-143.30712890625,-83.96572875976562,172.18289184570312
101234108,50.579482,-143.8063507080078,-83.97772979736328,140.71461486816406
101254102,50.599476,-144.14385986328125,-84.01712036132812,109.07733154296875
101274095,50.619469,-144.19955444335938,-84.0687484741211,77.15380096435547
101294088,50.639462,-143.9575653076172,-84.12966918945312,44.926292419433594
101314081,50.659455,-143.4381103515625,-84.16238403320312,12.414628028869629
101334075,50.679449,-142.86036682128906,-84.1570816040039,339.83551025390625
101354068,50.699442,-142.4514617919922,-84.1191635131836,307.4176330566406
101374061,50.719435,-142.3538055419922,-84.06573486328125,275.3017272949219
101394055,50.739429,-142.57789611816406,-84.01823425292969,243.49728393554688
101414048,50.759422,-143.016357421875,-83.9942626953125,211.90054321289062
101434041,50.779415,-143.49771118164062,-84.0016098022461,180.3397979736328
101454034,50.799408,-143.8413848876953,-84.0366439819336,148.63536071777344
101474028,50.819402,-143.9213409423828,-84.0853271484375,116.6602554321289
101494021,50.839395,-143.70948791503906,-84.12870788574219,84.38867950439453
101514014,50.859388,-143.30221557617188,-84.1655044555664,51.914676666259766
101534008,50.879382,-142.78628540039062,-84.1686019897461,19.323287963867188
101554001,50.899375,-142.38388061523438,-84.13990020751953,346.8382568359375
101573994,50.919368,-142.2487335205078,-84.09342193603516,314.61163330078125
101593987,50.939361,-142.41549682617188,-84.04927825927734,282.67828369140625
101613981,50.959355,-142.79971313476562,-84.02501678466797,250.9532928466797
101633974,50.979348,-143.24249267578125,-84.02954864501953,219.28128051757812
101653967,50.999341,-143.56985473632812,-84.06049346923828,187.48793029785156
101673960,51.019334,-143.6549835205078,-84.10520935058594,155.44677734375
101693954,51.039328,-143.46412658691406,-84.14591979980469,123.12252807617188
101714947,51.060321,-143.05416870117188,-84.16631317138672,89.30098724365234
101734940,51.080314,-142.6802978515625,-84.1736068725586,56.7798957824707
101754933,51.100307,-142.3624267578125,-84.15443420410156,24.306909561157227
101774927,51.120301,-142.24725341796875,-84.1189956665039,352.0269775390625
101794920,51.140294,-142.38182067871094,-84.08403778076172,319.98992919921875
101814913,51.160287,-142.70413208007812,-84.06521606445312,288.1331787109375
101834906,51.18028,-143.07655334472656,-84.07093048095703,256.31988525390625
101854900,51.200274,-143.34481811523438,-84.09939575195312,224.39537048339844
101874893,51.220267,-143.392333984375,-84.13922882080078,192.2457733154297
101894886,51.24026,-143.193359375,-84.17438507080078,159.84376525878906
101914880,51.260254,-142.82337951660156,-84.19021606445312,127.2629165649414
101934873,51.280247,-142.43362426757812,-84.17993927001953,94.65615844726562
101954866,51.30024,-142.13722229003906,-84.19717407226562,62.13469696044922
101974859,51.320233,-141.87611389160156,-84.1888656616211,29.64124298095703
101994853,51.340227,-141.7889404296875,-84.16692352294922,357.31292724609375
102014846,51.36022,-141.89846801757812,-84.14749908447266,325.1752624511719
102034839,51.380213,-142.1201171875,-84.14311218261719,293.14300537109375
102054832,51.400206,-142.3198699951172,-84.15715026855469,261.08270263671875
102074826,51.4202,-142.3781280517578,-84.18327331542969,228.873779296875
102094819,51.440193,-142.24557495117188,-84.20866394042969,196.4693145751953
102114812,51.460186,-141.96755981445312,-84.22032928466797,163.91281127929688
102134806,51.48018,-141.6635284423828,-84.21127319335938,131.32174682617188
102154799,51.500173,-141.47422790527344,-84.1839828491211,98.83890533447266
102174792,51.520166,-141.53878784179688,-84.1338119506836,66.60160064697266
102194785,51.540159,-141.86575317382812,-84.09720611572266,34.61883544921875
102214779,51.560153,-142.33090209960938,-84.0863265991211,2.7661001682281494
102234772,51.580146,-142.7660369873047,-84.10454559326172,330.87884521484375
102254765,51.600139,-143.01820373535156,-84.14457702636719,298.803466796875
102274759,51.620133,-142.9982147216797,-84.19153594970703,266.4496765136719
102294752,51.640126,-142.71414184570312,-84.22785186767578,233.82757568359375
102314745,51.660119,-142.27896118164062,-84.23992156982422,201.04800415039062
102334738,51.680112,-141.86550903320312,-84.22378540039062,168.2828369140625
102354732,51.700106,-141.6342315673828,-84.18650817871094,135.6906280517578
102374725,51.720099,-141.66908264160156,-84.14290618896484,103.35780334472656
102394718,51.740092,-141.9282684326172,-84.12886810302734,71.24195098876953
102414712,51.760086,-142.2449493408203,-84.13153839111328,39.1760139465332
102434705,51.780079,-142.51242065429688,-84.1528549194336,7.056571960449219
102454698,51.800072,-142.6244659423828,-84.18724822998047,334.77655029296875
102474691,51.820065,-142.52200317382812,-84.22334289550781,302.27679443359375
102494685,51.840059,-142.2257080078125,-84.24755096435547,269.57623291015625
102514678,51.860052,-141.83839416503906,-84.25006866455078,236.77943420410156
102534671,51.880045,-141.50714111328125,-84.22911071777344,204.03140258789062
102554664,51.900038,-141.36093139648438,-84.1922378540039,171.46063232421875
102574658,51.920032,-141.45748901367188,-84.15319061279297,139.12367248535156
102594651,51.940025,-141.76251220703125,-84.12680053710938,106.9892349243164
102614644,51.960018,-142.14385986328125,-84.14143371582031,74.92499542236328
102634638,51.980012,-142.3998260498047,-84.17448425292969,42.729095458984375
102654631,52.000005,-142.44583129882812,-84.21669006347656,10.319774627685547
102674624,52.019998,-142.25453186035156,-84.2548828125,337.6681213378906
102694617,52.039991,-141.88352966308594,-84.2759017944336,304.8311767578125
102714611,52.059985,-141.45852661132812,-84.27216339111328,271.93231201171875
102734604,52.079978,-141.13429260253906,-84.24478912353516,239.1281280517578
102754597,52.099971,-141.02993774414062,-84.20386505126953,206.5361328125
102774591,52.119965,-141.17950439453125,-84.16426086425781,174.18922424316406
102794584,52.139958,-141.52481079101562,-84.14053344726562,142.0325469970703
102814577,52.159951,-141.94168090820312,-84.1413345336914,109.94143676757812
102834570,52.179944,-142.21051025390625,-84.18266296386719,77.69752502441406
102854564,52.199938,-142.22096252441406,-84.23125457763672,45.18949890136719
102874557,52.219931,-141.97039794921875,-84.2718276977539,12.417031288146973
102894550,52.239924,-141.54312133789062,-84.29108428955078,339.462158203125
102914544,52.259918,-141.09103393554688,-84.28302764892578,306.4747314453125
102934537,52.279911,-140.77491760253906,-84.25099182128906,273.6171875
102954530,52.299904,-140.70361328125,-84.20721435546875,240.99688720703125
102974523,52.319897,-140.89312744140625,-84.16765594482422,208.63006591796875
102994517,52.339891,-141.2687530517578,-84.14652252197266,176.44140625
103014510,52.359884,-141.6913604736328,-84.15111541748047,144.29537963867188
103034503,52.379877,-142.00991821289062,-84.17939758300781,112.04039764404297
103054496,52.39987,-142.03318786621094,-84.23431396484375,79.48603057861328
103074490,52.419864,-141.7588348388672,-84.27919006347656,46.62820053100586
103094483,52.439857,-141.29299926757812,-84.29964447021484,13.57482624053955
103114476,52.45985,-140.81228637695312,-84.28995513916016,340.5001525878906
103134470,52.479844,-140.4905242919922,-84.2551498413086,307.5758056640625
103154463,52.499837,-140.43612670898438,-84.20941162109375,274.91265869140625
103174456,52.51983,-140.65182495117188,-84.1699447631836,242.512451171875
